insert into school (school_id, school_name, school_address, town, postal_code, email, telephone, school_principal_firstname, school_principal_lastname) values (1, 'Jefferson Middle School', '18 Porter Alley', 'Trstenik', '19009', 'nexon0@apple.com', '334-211-2197', 'Neale', 'Exon');
insert into school (school_id, school_name, school_address, town, postal_code, email, telephone, school_principal_firstname, school_principal_lastname) values (2, 'Lincoln High School', '9728 Moulton Circle', 'Kribi', '20889', 'mbarti1@youtube.com', '640-500-2967', 'Marti', 'Barti');
insert into school (school_id, school_name, school_address, town, postal_code, email, telephone, school_principal_firstname, school_principal_lastname) values (3, 'Washington Elementary School', '3184 Rutledge Drive', 'Marathon', 'P6A', 'epickerin2@sciencedaily.com', '557-105-9161', 'Ezekiel', 'Pickerin');
insert into school (school_id, school_name, school_address, town, postal_code, email, telephone, school_principal_firstname, school_principal_lastname) values (4, 'Monty Python High School', '7 Oxford Trail', 'Khorramābād', '11928', 'dpetrescu3@ft.com', '609-746-0163', 'Dorolice', 'Petrescu');
insert into school (school_id, school_name, school_address, town, postal_code, email, telephone, school_principal_firstname, school_principal_lastname) values (5, 'New Arc High School', '51 Sunnyside Circle', 'Cocieri', 'MD-4571', 'itroyes4@themeforest.net', '116-544-2311', 'Iggie', 'Troyes');






insert into user (user_id, username, email, date_of_birth, first_name, last_name, password, number_of_rentals, number_of_reservations, school_id, role) values (1, 'ayandle0', 'ayandle0@bloglovin.com', '1971-12-05', 'Ambrosius', 'Yandle', 'NtMhBRU', 0, 2, 4, 'student');
insert into user (user_id, username, email, date_of_birth, first_name, last_name, password, number_of_rentals, number_of_reservations, school_id, role) values (2, 'shelstrom1', 'shelstrom1@earthlink.net', '1962-06-27', 'Salomon', 'Helstrom', '6Pw5tmacQ8L', 1, 1, 4, 'student');
insert into user (user_id, username, email, date_of_birth, first_name, last_name, password, number_of_rentals, number_of_reservations, school_id, role) values (3, 'igoulthorp2', 'igoulthorp2@tiny.cc', '1962-09-03', 'Inessa', 'Goulthorp', 'C09uTxfF', 2, 0, 1, 'student');
insert into user (user_id, username, email, date_of_birth, first_name, last_name, password, number_of_rentals, number_of_reservations, school_id, role) values (4, 'whechlin3', 'whechlin3@princeton.edu', '2005-12-19', 'Wilhelmina', 'Hechlin', 'rMXfc38Lt72', 1, 0, 4, 'teacher');
insert into user (user_id, username, email, date_of_birth, first_name, last_name, password, number_of_rentals, number_of_reservations, school_id, role) values (5, 'abillyard4', 'abillyard4@senate.gov', '1952-12-29', 'Anthiathia', 'Billyard', 'gjNmwKAU', 0, 1, 2, 'student');
insert into user (user_id, username, email, date_of_birth, first_name, last_name, password, number_of_rentals, number_of_reservations, school_id, role) values (6, 'gpitrollo5', 'gpitrollo5@spotify.com', '2007-05-12', 'Gifford', 'Pitrollo', 'oXS8lM', 1, 1, 5, 'student');
insert into user (user_id, username, email, date_of_birth, first_name, last_name, password, number_of_rentals, number_of_reservations, school_id, role) values (7, 'osoutherton6', 'osoutherton6@forbes.com', '1994-03-20', 'Ophelie', 'Southerton', 'cZeDxvMD', 1, 1, 2, 'teacher');
insert into user (user_id, username, email, date_of_birth, first_name, last_name, password, number_of_rentals, number_of_reservations, school_id, role) values (8, 'rboyet7', 'rboyet7@clickbank.net', '1974-08-19', 'Randie', 'Boyet', 'wT8CyErGz', 1, 0, 5, 'teacher');
insert into user (user_id, username, email, date_of_birth, first_name, last_name, password, number_of_rentals, number_of_reservations, school_id, role) values (9, 'mwiddicombe8', 'mwiddicombe8@youku.com', '1988-03-26', 'Maurits', 'Widdicombe', 'klVXGYObl', 1, 0, 2, 'student');
insert into user (user_id, username, email, date_of_birth, first_name, last_name, password, number_of_rentals, number_of_reservations, school_id, role) values (10, 'mmityushkin9', 'mmityushkin9@unesco.org', '1988-06-24', 'Maximo', 'Mityushkin', '0mCDEdLfSR', 1, 1, 5, 'admin');
insert into user (user_id, username, email, date_of_birth, first_name, last_name, password, number_of_rentals, number_of_reservations, school_id, role) values (11, 'tcreffielda', 'tcreffielda@yandex.ru', '1951-09-22', 'Trent', 'Creffield', 'I3L0I1', 1, 1, 2, 'teacher');
insert into user (user_id, username, email, date_of_birth, first_name, last_name, password, number_of_rentals, number_of_reservations, school_id, role) values (12, 'dbruteb', 'dbruteb@themeforest.net', '1992-06-16', 'Dionne', 'Brute', 'bXMfd4', 1, 0, 3, 'admin');
insert into user (user_id, username, email, date_of_birth, first_name, last_name, password, number_of_rentals, number_of_reservations, school_id, role) values (13, 'lclaybornc', 'lclaybornc@quantcast.com', '1950-08-28', 'Lanie', 'Clayborn', '6UaXcfpMtXn9', 1, 2, 1, 'student');
insert into user (user_id, username, email, date_of_birth, first_name, last_name, password, number_of_rentals, number_of_reservations, school_id, role) values (14, 'emeighd', 'emeighd@squarespace.com', '2003-07-27', 'Ernestus', 'Meigh', 'GTtMfueCBs', 1, 0, 1, 'student');
insert into user (user_id, username, email, date_of_birth, first_name, last_name, password, number_of_rentals, number_of_reservations, school_id, role) values (15, 'sheeneye', 'sheeneye@uiuc.edu', '1961-07-31', 'Shelden', 'Heeney', 'Bfmg4o', 1, 1, 1, 'admin');
insert into user (user_id, username, email, date_of_birth, first_name, last_name, password, number_of_rentals, number_of_reservations, school_id, role) values (16, 'bgirardengof', 'bgirardengof@gnu.org', '2011-06-14', 'Bernice', 'Girardengo', 'K7OF3vFrr', 1, 1, 2, 'admin');
insert into user (user_id, username, email, date_of_birth, first_name, last_name, password, number_of_rentals, number_of_reservations, school_id, role) values (17, 'lmulqueenyg', 'lmulqueenyg@craigslist.org', '1960-01-06', 'Louise', 'Mulqueeny', '6SJ0WHjo', 1, 1, 4, 'admin');
insert into user (user_id, username, email, date_of_birth, first_name, last_name, password, number_of_rentals, number_of_reservations, school_id, role) values (18, 'rcorpsh', 'rcorpsh@sakura.ne.jp', '1966-05-29', 'Rafa', 'Corps', 'hIJ7pyatSvNK', 1, 1, 5, 'teacher');
insert into user (user_id, username, email, date_of_birth, first_name, last_name, password, number_of_rentals, number_of_reservations, school_id, role) values (19, 'aneisingi', 'aneisingi@home.pl', '1958-01-19', 'Archibald', 'Neising', 'yXeW07YD5ECn', 1, 2, 4, 'student');
insert into user (user_id, username, email, date_of_birth, first_name, last_name, password, number_of_rentals, number_of_reservations, school_id, role) values (20, 'swaddamsj', 'swaddamsj@eepurl.com', '1996-01-17', 'Stephan', 'Waddams', 'JSBuFVCq', 1, 0, 2, 'student');
insert into user (user_id, username, email, date_of_birth, first_name, last_name, password, number_of_rentals, number_of_reservations, school_id, role) values (21, 'bmarstersk', 'bmarstersk@netvibes.com', '2009-07-12', 'Bing', 'Marsters', 'jg0YmT1g', 1, 2, 4, 'student');
insert into user (user_id, username, email, date_of_birth, first_name, last_name, password, number_of_rentals, number_of_reservations, school_id, role) values (22, 'sbreedsl', 'sbreedsl@yahoo.co.jp', '1950-08-03', 'Siegfried', 'Breeds', 'mEhxRUc9GLJH', 1, 1, 5, 'teacher');
insert into user (user_id, username, email, date_of_birth, first_name, last_name, password, number_of_rentals, number_of_reservations, school_id, role) values (23, 'vshaftom', 'vshaftom@tripod.com', '1994-08-21', 'Veronique', 'Shafto', '16jPvy8l5', 1, 1, 5, 'student');
insert into user (user_id, username, email, date_of_birth, first_name, last_name, password, number_of_rentals, number_of_reservations, school_id, role) values (24, 'cwhordleyn', 'cwhordleyn@multiply.com', '1976-04-05', 'Calypso', 'Whordley', '4ZPRYD', 1, 1, 2, 'teacher');
insert into user (user_id, username, email, date_of_birth, first_name, last_name, password, number_of_rentals, number_of_reservations, school_id, role) values (25, 'dwippermanno', 'dwippermanno@columbia.edu', '1984-08-03', 'Deina', 'Wippermann', 'JbS5ZnukSnOb', 1, 1, 3, 'student');
insert into user (user_id, username, email, date_of_birth, first_name, last_name, password, number_of_rentals, number_of_reservations, school_id, role) values (26, 'pstarbuckp', 'pstarbuckp@deliciousdays.com', '1963-10-16', 'Paten', 'Starbuck', 'EVRhfIk', 1, 2, 5, 'student');
insert into user (user_id, username, email, date_of_birth, first_name, last_name, password, number_of_rentals, number_of_reservations, school_id, role) values (27, 'lgregolottiq', 'lgregolottiq@deliciousdays.com', '2002-11-28', 'Lucila', 'Gregolotti', 'b9FXzI5', 1, 0, 5, 'teacher');
insert into user (user_id, username, email, date_of_birth, first_name, last_name, password, number_of_rentals, number_of_reservations, school_id, role) values (28, 'wsantorir', 'wsantorir@wordpress.com', '1975-07-22', 'Wrennie', 'Santori', '6acdZi3v13', 1, 1, 5, 'student');
insert into user (user_id, username, email, date_of_birth, first_name, last_name, password, number_of_rentals, number_of_reservations, school_id, role) values (29, 'eheadricks', 'eheadricks@desdev.cn', '1962-07-02', 'Eloise', 'Headrick', 'uU5tfaVFqzin', 1, 1, 4, 'student');
insert into user (user_id, username, email, date_of_birth, first_name, last_name, password, number_of_rentals, number_of_reservations, school_id, role) values (30, 'vvasyunint', 'vvasyunint@amazon.com', '1985-03-30', 'Valli', 'Vasyunin', 'CpQrHs4oZ', 1, 0, 1, 'teacher');
insert into user (user_id, username, email, date_of_birth, first_name, last_name, password, number_of_rentals, number_of_reservations, school_id, role) values (31, 'ageipelu', 'ageipelu@biblegateway.com', '2005-12-08', 'Antonetta', 'Geipel', 'QPCY8CPr', 1, 0, 4, 'teacher');
insert into user (user_id, username, email, date_of_birth, first_name, last_name, password, number_of_rentals, number_of_reservations, school_id, role) values (32, 'cbattaillev', 'cbattaillev@yellowpages.com', '1957-03-31', 'Claudetta', 'Battaille', 'Q7wBZyW', 1, 1, 3, 'student');
insert into user (user_id, username, email, date_of_birth, first_name, last_name, password, number_of_rentals, number_of_reservations, school_id, role) values (33, 'wrobelinw', 'wrobelinw@census.gov', '1993-02-17', 'Winnie', 'Robelin', '9YOu3FzNrC9', 1, 0, 4, 'student');
insert into user (user_id, username, email, date_of_birth, first_name, last_name, password, number_of_rentals, number_of_reservations, school_id, role) values (34, 'vgillittx', 'vgillittx@examiner.com', '1987-10-02', 'Vassily', 'Gillitt', 'lAURSHrBlA', 1, 1, 3, 'student');
insert into user (user_id, username, email, date_of_birth, first_name, last_name, password, number_of_rentals, number_of_reservations, school_id, role) values (35, 'btemplemany', 'btemplemany@woothemes.com', '2010-11-06', 'Benetta', 'Templeman', 'ou2fgc', 1, 1, 4, 'student');
insert into user (user_id, username, email, date_of_birth, first_name, last_name, password, number_of_rentals, number_of_reservations, school_id, role) values (36, 'abranchflowerz', 'abranchflowerz@odnoklassniki.ru', '1951-04-06', 'Ashely', 'Branchflower', 'qoqYx1C68nW', 1, 0, 4, 'student');
insert into user (user_id, username, email, date_of_birth, first_name, last_name, password, number_of_rentals, number_of_reservations, school_id, role) values (37, 'tleleu10', 'tleleu10@theglobeandmail.com', '2012-09-04', 'Tracey', 'Le Leu', 'qKKyctFAaHj7', 1, 1, 2, 'student');
insert into user (user_id, username, email, date_of_birth, first_name, last_name, password, number_of_rentals, number_of_reservations, school_id, role) values (38, 'zcaswall11', 'zcaswall11@cornell.edu', '1965-03-03', 'Zsazsa', 'Caswall', 'd2EVqUOO8', 1, 0, 3, 'student');
insert into user (user_id, username, email, date_of_birth, first_name, last_name, password, number_of_rentals, number_of_reservations, school_id, role) values (39, 'mpieper12', 'mpieper12@geocities.jp', '1993-04-10', 'Mikaela', 'Pieper', 'rbNJTLwIODQJ', 1, 0, 4, 'student');
insert into user (user_id, username, email, date_of_birth, first_name, last_name, password, number_of_rentals, number_of_reservations, school_id, role) values (40, 'dgibbie13', 'dgibbie13@thetimes.co.uk', '1993-05-23', 'Dalston', 'Gibbie', 'L8jBR6Tn', 1, 1, 5, 'student');
insert into user (user_id, username, email, date_of_birth, first_name, last_name, password, number_of_rentals, number_of_reservations, school_id, role) values (41, 'vtimblett14', 'vtimblett14@mapy.cz', '1964-11-12', 'Vera', 'Timblett', '8PsVYj', 1, 0, 2, 'teacher');
insert into user (user_id, username, email, date_of_birth, first_name, last_name, password, number_of_rentals, number_of_reservations, school_id, role) values (42, 'rbransom15', 'rbransom15@51.la', '1957-08-07', 'Raimund', 'Bransom', 'CkWGWhEWDp', 1, 0, 5, 'teacher');
insert into user (user_id, username, email, date_of_birth, first_name, last_name, password, number_of_rentals, number_of_reservations, school_id, role) values (43, 'ncosten16', 'ncosten16@imgur.com', '2003-08-12', 'Nolana', 'Costen', 'HmuFNkM', 1, 1, 2, 'student');
insert into user (user_id, username, email, date_of_birth, first_name, last_name, password, number_of_rentals, number_of_reservations, school_id, role) values (44, 'estanlake17', 'estanlake17@ucoz.com', '1965-10-21', 'Elden', 'Stanlake', 'YAcpJsk', 1, 0, 2, 'student');
insert into user (user_id, username, email, date_of_birth, first_name, last_name, password, number_of_rentals, number_of_reservations, school_id, role) values (45, 'aiglesiaz18', 'aiglesiaz18@hibu.com', '1982-03-18', 'Angeli', 'Iglesiaz', 'cZX8JfA', 1, 2, 2, 'student');
insert into user (user_id, username, email, date_of_birth, first_name, last_name, password, number_of_rentals, number_of_reservations, school_id, role) values (46, 'cshippey19', 'cshippey19@123-reg.co.uk', '1956-10-11', 'Cheryl', 'Shippey', '7WFpnAwgz', 1, 2, 4, 'student');
insert into user (user_id, username, email, date_of_birth, first_name, last_name, password, role) values(47, 'admin', 'chris@mail.gr', '2002-10-10', 'Chris', 'Kav', '1234', 'universal');



insert into book (ISBN, book_title, publisher, number_of_pages, summary, book_language, image) values ('288174053-7', 'molestie hendrerit at vulputate vitae nisl aenean', 'Photobug', 30, 'natoque penatibus et magnis dis parturient montes nascetur ridiculus mus etiam vel augue vestibulum rutrum rutrum neque aenean auctor gravida sem praesent id massa id nisl venenatis lacinia aenean sit amet justo morbi ut odio cras mi pede malesuada in imperdiet et commodo vulputate justo in blandit ultrices enim lorem ipsum dolor sit amet consectetuer adipiscing elit proin interdum mauris non ligula pellentesque ultrices phasellus id sapien in sapien iaculis congue vivamus metus arcu adipiscing molestie hendrerit at vulputate vitae nisl aenean lectus pellentesque eget nunc donec quis', 'Telugu', 'http://dummyimage.com/112x100.png/ff4444/ffffff');
insert into book (ISBN, book_title, publisher, number_of_pages, summary, book_language, image) values ('312996345-6', 'sociis natoque penatibus et magnis dis parturient', 'Camimbo', 1050, 'tincidunt nulla mollis molestie lorem quisque ut erat curabitur gravida nisi at nibh in hac habitasse platea dictumst aliquam augue quam sollicitudin vitae consectetuer eget rutrum at lorem integer tincidunt ante vel ipsum praesent blandit lacinia erat vestibulum sed magna at nunc commodo placerat praesent blandit nam nulla', 'Filipino', 'http://dummyimage.com/188x100.png/dddddd/000000');
insert into book (ISBN, book_title, publisher, number_of_pages, summary, book_language, image) values ('333958391-9', 'viverra eget congue', 'Quaxo', 576, 'volutpat erat quisque erat eros viverra eget congue eget semper rutrum nulla nunc purus phasellus in felis donec semper sapien a libero nam dui proin leo odio porttitor id consequat in consequat ut nulla sed accumsan felis ut at dolor quis odio consequat varius integer ac leo pellentesque ultrices mattis odio donec vitae nisi nam ultrices libero non mattis pulvinar nulla pede ullamcorper augue a suscipit nulla elit ac nulla sed vel enim sit amet nunc viverra dapibus nulla suscipit ligula', 'Oriya', 'http://dummyimage.com/109x100.png/dddddd/000000');
insert into book (ISBN, book_title, publisher, number_of_pages, summary, book_language, image) values ('056052855-8', 'vulputate elementum nullam varius nulla', 'Edgepulse', 591, 'sed tincidunt eu felis fusce posuere felis sed lacus morbi sem mauris laoreet ut rhoncus aliquet pulvinar sed nisl nunc rhoncus dui vel sem sed sagittis nam congue risus semper porta volutpat quam pede lobortis ligula sit amet eleifend pede libero quis orci nullam molestie nibh in lectus pellentesque at nulla suspendisse potenti cras in purus eu magna vulputate luctus cum sociis natoque penatibus et magnis dis parturient montes nascetur ridiculus mus vivamus vestibulum sagittis sapien cum sociis natoque penatibus et magnis dis parturient', 'New Zealand Sign Language', 'http://dummyimage.com/232x100.png/dddddd/000000');
insert into book (ISBN, book_title, publisher, number_of_pages, summary, book_language, image) values ('600741191-5', 'adipiscing molestie hendrerit at vulputate vitae nisl', 'Flipopia', 578, 'vestibulum ante ipsum primis in faucibus orci luctus et ultrices posuere cubilia curae duis faucibus accumsan odio curabitur convallis duis consequat dui nec nisi volutpat eleifend donec ut dolor morbi vel lectus in quam fringilla rhoncus mauris enim leo rhoncus sed vestibulum sit amet cursus id turpis integer aliquet massa id lobortis convallis tortor risus dapibus augue vel accumsan tellus nisi eu orci mauris lacinia sapien quis libero nullam sit amet turpis elementum ligula vehicula consequat morbi a ipsum integer a', 'Maltese', 'http://dummyimage.com/129x100.png/dddddd/000000');
insert into book (ISBN, book_title, publisher, number_of_pages, summary, book_language, image) values ('683311520-6', 'lacus at turpis donec posuere metus vitae', 'Camimbo', 755, 'metus arcu adipiscing molestie hendrerit at vulputate vitae nisl aenean lectus pellentesque eget nunc donec quis orci eget orci vehicula condimentum curabitur in libero ut massa volutpat convallis morbi odio odio elementum eu interdum eu tincidunt in leo maecenas pulvinar', 'Māori', 'http://dummyimage.com/200x100.png/cc0000/ffffff');
insert into book (ISBN, book_title, publisher, number_of_pages, summary, book_language, image) values ('831742791-9', 'duis bibendum morbi non quam nec dui luctus rutrum nulla', 'Agivu', 1187, 'accumsan odio curabitur convallis duis consequat dui nec nisi volutpat eleifend donec ut dolor morbi vel lectus in quam fringilla rhoncus mauris enim leo rhoncus sed vestibulum sit amet cursus id turpis integer aliquet massa id lobortis convallis tortor', 'Assamese', 'http://dummyimage.com/237x100.png/5fa2dd/ffffff');
insert into book (ISBN, book_title, publisher, number_of_pages, summary, book_language, image) values ('907709928-X', 'elementum pellentesque quisque', 'Twimbo', 377, 'orci pede venenatis non sodales sed tincidunt eu felis fusce posuere felis sed lacus morbi sem mauris laoreet ut rhoncus aliquet pulvinar sed nisl nunc rhoncus dui vel sem sed sagittis nam congue risus semper porta volutpat quam pede lobortis ligula sit amet eleifend pede libero quis orci nullam molestie nibh in lectus pellentesque at nulla suspendisse potenti cras in', 'Bislama', 'http://dummyimage.com/189x100.png/ff4444/ffffff');
insert into book (ISBN, book_title, publisher, number_of_pages, summary, book_language, image) values ('528054046-3', 'morbi sem mauris', 'Bubblemix', 162, 'parturient montes nascetur ridiculus mus etiam vel augue vestibulum rutrum rutrum neque aenean auctor gravida sem praesent id massa id nisl venenatis lacinia aenean sit amet justo morbi ut odio cras mi pede malesuada in imperdiet et commodo vulputate justo in blandit ultrices enim lorem ipsum dolor sit amet consectetuer adipiscing elit proin interdum mauris non ligula pellentesque ultrices', 'Italian', 'http://dummyimage.com/162x100.png/5fa2dd/ffffff');
insert into book (ISBN, book_title, publisher, number_of_pages, summary, book_language, image) values ('554126049-3', 'luctus et ultrices posuere cubilia curae nulla dapibus dolor', 'Demivee', 876, 'risus auctor sed tristique in tempus sit amet sem fusce consequat nulla nisl nunc nisl duis bibendum felis sed interdum venenatis turpis enim blandit mi in porttitor pede justo eu massa donec dapibus duis at velit eu est congue elementum in hac habitasse platea dictumst morbi vestibulum velit id pretium iaculis diam erat fermentum justo nec condimentum neque sapien placerat ante nulla justo aliquam quis turpis eget elit sodales scelerisque mauris sit amet eros suspendisse accumsan tortor quis turpis sed ante vivamus tortor duis mattis egestas', 'Czech', 'http://dummyimage.com/138x100.png/cc0000/ffffff');
insert into book (ISBN, book_title, publisher, number_of_pages, summary, book_language, image) values ('212130156-9', 'ut ultrices vel augue vestibulum ante ipsum primis in', 'Gigashots', 20, 'morbi quis tortor id nulla ultrices aliquet maecenas leo odio condimentum id luctus nec molestie sed justo pellentesque viverra pede ac diam cras pellentesque volutpat dui maecenas tristique est et tempus semper est quam pharetra magna ac consequat metus sapien ut nunc vestibulum ante ipsum primis in faucibus orci luctus et ultrices posuere cubilia curae mauris viverra diam vitae quam suspendisse potenti nullam porttitor', 'Gagauz', 'http://dummyimage.com/163x100.png/dddddd/000000');
insert into book (ISBN, book_title, publisher, number_of_pages, summary, book_language, image) values ('698368062-6', 'euismod scelerisque quam turpis', 'Meedoo', 1159, 'parturient montes nascetur ridiculus mus vivamus vestibulum sagittis sapien cum sociis natoque penatibus et magnis dis parturient montes nascetur ridiculus mus', 'Aymara', 'http://dummyimage.com/149x100.png/cc0000/ffffff');
insert into book (ISBN, book_title, publisher, number_of_pages, summary, book_language, image) values ('112348967-X', 'justo in blandit ultrices', 'Fiveclub', 54, 'nec sem duis aliquam convallis nunc proin at turpis a pede posuere nonummy integer non velit donec diam neque vestibulum eget vulputate ut ultrices vel augue vestibulum ante ipsum primis in faucibus orci luctus et ultrices posuere cubilia curae donec pharetra magna vestibulum aliquet ultrices erat tortor sollicitudin mi sit amet lobortis sapien sapien non mi integer ac neque duis bibendum morbi non quam nec dui luctus rutrum', 'Yiddish', 'http://dummyimage.com/190x100.png/cc0000/ffffff');
insert into book (ISBN, book_title, publisher, number_of_pages, summary, book_language, image) values ('057833843-2', 'integer ac neque duis bibendum morbi non quam', 'Zooxo', 228, 'dolor sit amet consectetuer adipiscing elit proin interdum mauris non ligula pellentesque ultrices phasellus id sapien in sapien iaculis congue vivamus metus arcu adipiscing molestie hendrerit at vulputate vitae nisl aenean lectus pellentesque eget nunc donec quis orci eget orci vehicula condimentum curabitur in libero ut massa volutpat convallis morbi', 'Dhivehi', 'http://dummyimage.com/129x100.png/dddddd/000000');
insert into book (ISBN, book_title, publisher, number_of_pages, summary, book_language, image) values ('914097478-2', 'congue etiam justo etiam pretium iaculis', 'Dabfeed', 253, 'et magnis dis parturient montes nascetur ridiculus mus etiam vel augue vestibulum rutrum rutrum neque aenean auctor gravida sem praesent id massa id nisl venenatis lacinia aenean sit amet justo morbi ut odio cras mi pede malesuada in imperdiet et commodo vulputate justo in blandit ultrices enim lorem ipsum dolor sit amet consectetuer adipiscing elit proin interdum mauris non ligula pellentesque ultrices phasellus id sapien in sapien iaculis congue vivamus metus arcu adipiscing molestie hendrerit at vulputate vitae nisl aenean', 'Polish', 'http://dummyimage.com/110x100.png/5fa2dd/ffffff');
insert into book (ISBN, book_title, publisher, number_of_pages, summary, book_language, image) values ('179314408-7', 'sed tristique in tempus sit amet sem fusce consequat', 'Mynte', 264, 'augue vestibulum rutrum rutrum neque aenean auctor gravida sem praesent id massa id nisl venenatis lacinia aenean sit amet justo morbi ut odio cras mi pede malesuada in imperdiet et commodo vulputate justo in blandit ultrices enim lorem ipsum dolor sit amet consectetuer adipiscing elit', 'Kurdish', 'http://dummyimage.com/237x100.png/ff4444/ffffff');
insert into book (ISBN, book_title, publisher, number_of_pages, summary, book_language, image) values ('433050744-7', 'adipiscing elit proin interdum mauris non ligula pellentesque', 'Abata', 827, 'nisi eu orci mauris lacinia sapien quis libero nullam sit amet turpis elementum ligula vehicula consequat morbi a ipsum integer a nibh in quis justo maecenas rhoncus aliquam lacus morbi quis tortor id nulla ultrices aliquet maecenas leo odio condimentum id luctus nec molestie sed justo pellentesque viverra pede ac diam cras pellentesque volutpat dui maecenas tristique est et tempus semper est quam pharetra magna ac consequat metus sapien ut', 'Malagasy', 'http://dummyimage.com/247x100.png/5fa2dd/ffffff');
insert into book (ISBN, book_title, publisher, number_of_pages, summary, book_language, image) values ('224652542-X', 'in porttitor pede justo eu massa donec dapibus', 'Twimm', 1018, 'ligula sit amet eleifend pede libero quis orci nullam molestie nibh in lectus pellentesque at nulla suspendisse potenti cras in purus eu magna vulputate luctus cum sociis natoque penatibus et magnis dis parturient montes nascetur ridiculus mus vivamus vestibulum sagittis sapien cum sociis natoque penatibus et magnis dis parturient montes nascetur ridiculus mus etiam vel augue vestibulum rutrum rutrum neque aenean auctor gravida sem praesent id massa id nisl venenatis lacinia aenean sit amet justo morbi ut odio cras mi', 'Finnish', 'http://dummyimage.com/131x100.png/5fa2dd/ffffff');
insert into book (ISBN, book_title, publisher, number_of_pages, summary, book_language, image) values ('618308506-5', 'quis orci nullam', 'Aimbo', 686, 'pellentesque at nulla suspendisse potenti cras in purus eu magna vulputate luctus cum sociis natoque penatibus et magnis dis parturient montes nascetur ridiculus mus vivamus vestibulum sagittis sapien cum sociis natoque penatibus et magnis dis parturient montes nascetur ridiculus mus etiam vel augue vestibulum rutrum rutrum neque aenean auctor gravida sem praesent id massa id nisl', 'Dari', 'http://dummyimage.com/133x100.png/5fa2dd/ffffff');
insert into book (ISBN, book_title, publisher, number_of_pages, summary, book_language, image) values ('053986976-7', 'proin risus praesent lectus vestibulum quam sapien varius ut blandit', 'Flashspan', 1148, 'erat curabitur gravida nisi at nibh in hac habitasse platea dictumst aliquam augue quam sollicitudin vitae consectetuer eget rutrum at lorem integer tincidunt ante vel ipsum praesent blandit lacinia erat vestibulum sed magna at nunc commodo placerat praesent blandit nam nulla integer pede justo lacinia eget tincidunt eget tempus vel pede morbi porttitor lorem id ligula suspendisse ornare consequat lectus in est risus auctor sed tristique in tempus sit amet sem fusce consequat nulla nisl nunc nisl duis bibendum felis sed interdum venenatis turpis enim blandit mi in', 'Latvian', 'http://dummyimage.com/199x100.png/5fa2dd/ffffff');
insert into book (ISBN, book_title, publisher, number_of_pages, summary, book_language, image) values ('561450113-4', 'nam dui proin leo odio', 'Riffpath', 354, 'et ultrices posuere cubilia curae donec pharetra magna vestibulum aliquet ultrices erat tortor sollicitudin mi sit amet lobortis sapien sapien non mi integer ac neque duis bibendum morbi non quam nec dui luctus rutrum nulla tellus in sagittis dui vel nisl duis ac nibh fusce lacus purus aliquet at feugiat non pretium quis lectus suspendisse potenti in eleifend quam a odio', 'West Frisian', 'http://dummyimage.com/231x100.png/5fa2dd/ffffff');
insert into book (ISBN, book_title, publisher, number_of_pages, summary, book_language, image) values ('770532205-6', 'lacinia eget tincidunt', 'Flashdog', 158, 'diam erat fermentum justo nec condimentum neque sapien placerat ante nulla justo aliquam quis turpis eget elit sodales scelerisque mauris sit amet eros suspendisse accumsan tortor quis turpis sed ante vivamus tortor duis mattis egestas metus aenean fermentum donec ut mauris eget massa tempor convallis nulla neque libero convallis eget eleifend luctus ultricies eu nibh quisque id justo sit amet sapien dignissim vestibulum vestibulum ante ipsum primis in faucibus orci luctus et ultrices posuere cubilia curae nulla dapibus dolor', 'Kannada', 'http://dummyimage.com/131x100.png/cc0000/ffffff');
insert into book (ISBN, book_title, publisher, number_of_pages, summary, book_language, image) values ('161141119-X', 'dignissim vestibulum vestibulum ante', 'Kare', 309, 'sed vestibulum sit amet cursus id turpis integer aliquet massa id lobortis convallis tortor risus dapibus augue vel accumsan tellus nisi eu orci mauris lacinia sapien quis libero nullam sit amet turpis elementum ligula vehicula consequat morbi a ipsum integer a nibh in quis justo maecenas rhoncus aliquam lacus morbi quis tortor id nulla ultrices aliquet maecenas leo odio condimentum id luctus nec molestie sed justo pellentesque viverra pede ac diam cras pellentesque volutpat dui maecenas tristique est et tempus semper est quam pharetra magna ac consequat metus sapien ut nunc vestibulum ante ipsum primis in faucibus orci', 'Kazakh', 'http://dummyimage.com/145x100.png/dddddd/000000');
insert into book (ISBN, book_title, publisher, number_of_pages, summary, book_language, image) values ('952890397-5', 'at turpis donec posuere metus', 'Digitube', 472, 'orci luctus et ultrices posuere cubilia curae donec pharetra magna vestibulum aliquet ultrices erat tortor sollicitudin mi sit amet lobortis sapien sapien non mi integer ac neque duis bibendum morbi non quam nec dui luctus rutrum nulla tellus in sagittis dui vel nisl duis ac nibh fusce lacus purus aliquet at feugiat non pretium quis lectus suspendisse potenti in eleifend quam a odio in hac habitasse platea dictumst maecenas ut massa quis augue luctus tincidunt nulla mollis molestie lorem quisque', 'Oriya', 'http://dummyimage.com/211x100.png/dddddd/000000');
insert into book (ISBN, book_title, publisher, number_of_pages, summary, book_language, image) values ('826355245-1', 'urna pretium', 'Fiveclub', 457, 'sagittis dui vel nisl duis ac nibh fusce lacus purus aliquet at feugiat non pretium quis lectus suspendisse potenti in eleifend quam a odio in hac habitasse platea dictumst maecenas ut massa quis augue luctus tincidunt nulla mollis molestie lorem quisque ut erat curabitur gravida nisi at nibh in hac habitasse platea dictumst aliquam augue quam sollicitudin vitae consectetuer eget rutrum at lorem integer tincidunt ante vel', 'Haitian Creole', 'http://dummyimage.com/169x100.png/cc0000/ffffff');
insert into book (ISBN, book_title, publisher, number_of_pages, summary, book_language, image) values ('712523436-4', 'elementum eu interdum eu tincidunt in leo maecenas', 'Gevee', 389, 'vel augue vestibulum rutrum rutrum neque aenean auctor gravida sem praesent id massa id nisl venenatis lacinia aenean sit amet justo morbi ut odio cras mi pede malesuada in imperdiet et commodo vulputate justo in blandit ultrices enim lorem ipsum dolor sit amet consectetuer adipiscing elit proin interdum mauris non ligula pellentesque ultrices phasellus id sapien in sapien iaculis congue vivamus metus arcu adipiscing molestie hendrerit at vulputate vitae nisl aenean lectus pellentesque eget nunc donec quis orci eget orci vehicula condimentum curabitur in libero ut massa volutpat convallis morbi odio odio elementum eu interdum eu tincidunt in leo maecenas', 'Greek', 'http://dummyimage.com/142x100.png/dddddd/000000');
insert into book (ISBN, book_title, publisher, number_of_pages, summary, book_language, image) values ('666121211-X', 'amet diam in magna', 'Demizz', 413, 'ut at dolor quis odio consequat varius integer ac leo pellentesque ultrices mattis odio donec vitae nisi nam ultrices libero non mattis pulvinar nulla pede ullamcorper augue a suscipit nulla elit ac nulla sed vel enim sit amet nunc viverra dapibus nulla suscipit ligula in lacus curabitur at ipsum ac tellus semper interdum mauris ullamcorper purus sit', 'Greek', 'http://dummyimage.com/104x100.png/cc0000/ffffff');
insert into book (ISBN, book_title, publisher, number_of_pages, summary, book_language, image) values ('757011375-6', 'non mauris morbi non', 'Jabbertype', 464, 'consectetuer eget rutrum at lorem integer tincidunt ante vel ipsum praesent blandit lacinia erat vestibulum sed magna at nunc commodo placerat praesent blandit nam nulla integer pede justo lacinia eget tincidunt eget tempus vel pede morbi porttitor lorem id ligula suspendisse ornare consequat lectus in', 'Quechua', 'http://dummyimage.com/157x100.png/5fa2dd/ffffff');
insert into book (ISBN, book_title, publisher, number_of_pages, summary, book_language, image) values ('395615091-0', 'scelerisque quam turpis adipiscing lorem vitae mattis nibh ligula', 'Browsecat', 926, 'semper rutrum nulla nunc purus phasellus in felis donec semper sapien a libero nam dui proin leo odio porttitor id consequat in consequat ut nulla sed accumsan felis ut at dolor quis odio consequat varius integer ac leo pellentesque ultrices mattis odio donec vitae nisi nam ultrices libero non mattis pulvinar nulla pede ullamcorper augue a suscipit nulla elit ac nulla sed vel enim sit amet nunc viverra dapibus nulla suscipit ligula in lacus curabitur at ipsum ac tellus semper interdum mauris ullamcorper purus sit amet nulla quisque arcu libero rutrum', 'Assamese', 'http://dummyimage.com/236x100.png/ff4444/ffffff');
insert into book (ISBN, book_title, publisher, number_of_pages, summary, book_language, image) values ('475094413-0', 'vel sem sed sagittis nam congue', 'Thoughtstorm', 1039, 'pulvinar sed nisl nunc rhoncus dui vel sem sed sagittis nam congue risus semper porta volutpat quam pede lobortis ligula sit amet eleifend pede libero quis orci nullam molestie nibh in lectus pellentesque at nulla suspendisse potenti', 'Indonesian', 'http://dummyimage.com/212x100.png/5fa2dd/ffffff');
insert into book (ISBN, book_title, publisher, number_of_pages, summary, book_language, image) values ('282243958-3', 'in lacus curabitur at ipsum ac tellus semper interdum', 'Buzzshare', 1045, 'in lectus pellentesque at nulla suspendisse potenti cras in purus eu magna vulputate luctus cum sociis natoque penatibus et magnis dis parturient montes', 'Kurdish', 'http://dummyimage.com/201x100.png/5fa2dd/ffffff');
insert into book (ISBN, book_title, publisher, number_of_pages, summary, book_language, image) values ('797990890-2', 'primis in faucibus orci luctus et ultrices posuere cubilia', 'Topicblab', 605, 'eget tincidunt eget tempus vel pede morbi porttitor lorem id ligula suspendisse ornare consequat lectus in est risus auctor sed tristique in tempus sit amet sem fusce consequat nulla nisl nunc nisl duis bibendum felis sed interdum venenatis turpis enim blandit mi', 'Greek', 'http://dummyimage.com/137x100.png/cc0000/ffffff');
insert into book (ISBN, book_title, publisher, number_of_pages, summary, book_language, image) values ('718891035-9', 'lacinia erat vestibulum sed magna at', 'Thoughtmix', 28, 'fusce lacus purus aliquet at feugiat non pretium quis lectus suspendisse potenti in eleifend quam a odio in hac habitasse platea dictumst maecenas ut massa quis augue luctus tincidunt nulla mollis molestie lorem quisque ut erat curabitur gravida nisi at nibh in hac', 'Latvian', 'http://dummyimage.com/170x100.png/ff4444/ffffff');
insert into book (ISBN, book_title, publisher, number_of_pages, summary, book_language, image) values ('178463888-9', 'id sapien', 'Flipopia', 867, 'pede ac diam cras pellentesque volutpat dui maecenas tristique est et tempus semper est quam pharetra magna ac consequat metus sapien ut nunc vestibulum ante ipsum primis in faucibus orci luctus et ultrices posuere cubilia curae mauris viverra diam vitae quam suspendisse potenti nullam porttitor lacus', 'Swedish', 'http://dummyimage.com/168x100.png/5fa2dd/ffffff');
insert into book (ISBN, book_title, publisher, number_of_pages, summary, book_language, image) values ('531008003-1', 'turpis nec', 'Dabjam', 256, 'justo lacinia eget tincidunt eget tempus vel pede morbi porttitor lorem id ligula suspendisse ornare consequat lectus in est risus auctor sed tristique in tempus sit amet sem fusce consequat nulla nisl nunc nisl duis bibendum felis sed', 'Tamil', 'http://dummyimage.com/219x100.png/cc0000/ffffff');
insert into book (ISBN, book_title, publisher, number_of_pages, summary, book_language, image) values ('223531876-2', 'nec molestie sed justo pellentesque viverra pede ac diam cras', 'Ntag', 13, 'non interdum in ante vestibulum ante ipsum primis in faucibus orci luctus et ultrices posuere cubilia curae duis faucibus accumsan odio curabitur convallis duis consequat dui nec nisi volutpat eleifend donec ut dolor morbi vel lectus in quam fringilla rhoncus mauris enim leo rhoncus sed vestibulum sit amet cursus id turpis integer aliquet massa id lobortis convallis tortor risus', 'Irish Gaelic', 'http://dummyimage.com/188x100.png/5fa2dd/ffffff');
insert into book (ISBN, book_title, publisher, number_of_pages, summary, book_language, image) values ('236086488-2', 'euismod scelerisque quam turpis adipiscing', 'Skiptube', 278, 'id pretium iaculis diam erat fermentum justo nec condimentum neque sapien placerat ante nulla justo aliquam quis turpis eget elit sodales scelerisque mauris sit amet eros suspendisse accumsan tortor quis turpis sed ante vivamus tortor duis mattis egestas metus', 'Afrikaans', 'http://dummyimage.com/204x100.png/ff4444/ffffff');
insert into book (ISBN, book_title, publisher, number_of_pages, summary, book_language, image) values ('902555832-1', 'eget eros', 'Kamba', 748, 'vel sem sed sagittis nam congue risus semper porta volutpat quam pede lobortis ligula sit amet eleifend pede libero quis orci nullam molestie nibh in lectus pellentesque at nulla suspendisse potenti cras in purus eu magna vulputate luctus cum sociis natoque penatibus et magnis dis parturient montes nascetur ridiculus mus vivamus vestibulum sagittis sapien', 'Guaraní', 'http://dummyimage.com/210x100.png/ff4444/ffffff');
insert into book (ISBN, book_title, publisher, number_of_pages, summary, book_language, image) values ('889527161-0', 'ornare consequat lectus in est risus auctor sed', 'Mymm', 747, 'integer non velit donec diam neque vestibulum eget vulputate ut ultrices vel augue vestibulum ante ipsum primis in faucibus orci luctus et ultrices posuere cubilia curae donec pharetra', 'Tetum', 'http://dummyimage.com/129x100.png/dddddd/000000');
insert into book (ISBN, book_title, publisher, number_of_pages, summary, book_language, image) values ('061736688-8', 'ultricies eu nibh', 'Flashpoint', 345, 'vitae nisi nam ultrices libero non mattis pulvinar nulla pede ullamcorper augue a suscipit nulla elit ac nulla sed vel enim sit amet nunc viverra dapibus nulla suscipit ligula in lacus curabitur at ipsum ac tellus semper interdum mauris ullamcorper purus', 'Somali', 'http://dummyimage.com/206x100.png/ff4444/ffffff');
insert into book (ISBN, book_title, publisher, number_of_pages, summary, book_language, image) values ('733706611-2', 'et magnis', 'Jetpulse', 646, 'platea dictumst morbi vestibulum velit id pretium iaculis diam erat fermentum justo nec condimentum neque sapien placerat ante nulla justo aliquam quis turpis eget elit sodales scelerisque mauris sit amet eros suspendisse', 'Māori', 'http://dummyimage.com/232x100.png/ff4444/ffffff');
insert into book (ISBN, book_title, publisher, number_of_pages, summary, book_language, image) values ('197537244-1', 'pellentesque eget nunc donec quis orci', 'Jabberbean', 877, 'nulla dapibus dolor vel est donec odio justo sollicitudin ut suscipit a feugiat et eros vestibulum ac est lacinia nisi venenatis tristique fusce', 'Yiddish', 'http://dummyimage.com/206x100.png/dddddd/000000');
insert into book (ISBN, book_title, publisher, number_of_pages, summary, book_language, image) values ('259897149-3', 'morbi ut odio cras', 'Zoozzy', 222, 'orci luctus et ultrices posuere cubilia curae duis faucibus accumsan odio curabitur convallis duis consequat dui nec nisi volutpat eleifend donec ut dolor morbi vel lectus in quam fringilla rhoncus mauris enim leo rhoncus sed vestibulum sit amet cursus id turpis integer aliquet massa id lobortis convallis tortor risus dapibus augue vel accumsan tellus nisi eu orci mauris lacinia sapien quis libero nullam sit amet turpis', 'Tsonga', 'http://dummyimage.com/197x100.png/cc0000/ffffff');
insert into book (ISBN, book_title, publisher, number_of_pages, summary, book_language, image) values ('784623833-7', 'fermentum justo nec condimentum neque sapien placerat ante nulla', 'Edgeblab', 854, 'nisi venenatis tristique fusce congue diam id ornare imperdiet sapien urna pretium nisl ut volutpat sapien arcu sed augue aliquam erat volutpat in congue etiam justo etiam pretium iaculis justo in hac habitasse platea dictumst etiam faucibus cursus urna ut tellus nulla ut erat id mauris vulputate elementum nullam varius nulla facilisi cras non', 'Northern Sotho', 'http://dummyimage.com/107x100.png/5fa2dd/ffffff');
insert into book (ISBN, book_title, publisher, number_of_pages, summary, book_language, image) values ('351860440-6', 'ut ultrices vel augue', 'Topicware', 217, 'potenti nullam porttitor lacus at turpis donec posuere metus vitae ipsum aliquam non mauris morbi non lectus aliquam sit amet diam in magna bibendum imperdiet nullam orci pede venenatis non sodales sed tincidunt eu felis fusce posuere felis sed lacus morbi sem mauris laoreet ut rhoncus aliquet pulvinar sed nisl nunc rhoncus dui vel sem sed sagittis nam congue risus semper porta volutpat quam pede lobortis ligula sit amet eleifend pede libero quis orci nullam molestie nibh in lectus pellentesque at nulla suspendisse potenti cras in', 'Tok Pisin', 'http://dummyimage.com/129x100.png/dddddd/000000');
insert into book (ISBN, book_title, publisher, number_of_pages, summary, book_language, image) values ('420139674-6', 'felis ut', 'LiveZ', 1165, 'pede malesuada in imperdiet et commodo vulputate justo in blandit ultrices enim lorem ipsum dolor sit amet consectetuer adipiscing elit proin interdum mauris non ligula pellentesque ultrices phasellus id sapien in sapien iaculis congue vivamus metus arcu adipiscing molestie hendrerit at vulputate vitae nisl aenean lectus pellentesque eget nunc donec quis orci eget orci vehicula condimentum curabitur in libero ut massa volutpat convallis morbi odio odio elementum eu interdum', 'Croatian', 'http://dummyimage.com/211x100.png/cc0000/ffffff');
insert into book (ISBN, book_title, publisher, number_of_pages, summary, book_language, image) values ('901915360-9', 'ultrices erat tortor sollicitudin mi sit amet lobortis', 'Oloo', 180, 'tellus nisi eu orci mauris lacinia sapien quis libero nullam sit amet turpis elementum ligula vehicula consequat morbi a ipsum integer a nibh in quis justo maecenas rhoncus aliquam', 'Swedish', 'http://dummyimage.com/115x100.png/cc0000/ffffff');
insert into book (ISBN, book_title, publisher, number_of_pages, summary, book_language, image) values ('329895814-X', 'pede justo eu massa donec dapibus duis at velit', 'Agivu', 826, 'nec euismod scelerisque quam turpis adipiscing lorem vitae mattis nibh ligula nec sem duis aliquam convallis nunc proin at turpis a pede posuere nonummy integer non velit donec diam neque vestibulum eget vulputate ut ultrices vel augue vestibulum ante ipsum primis in faucibus orci luctus et', 'Azeri', 'http://dummyimage.com/162x100.png/ff4444/ffffff');
insert into book (ISBN, book_title, publisher, number_of_pages, summary, book_language, image) values ('606525341-3', 'mauris enim leo rhoncus sed vestibulum', 'Trilia', 1121, 'eros elementum pellentesque quisque porta volutpat erat quisque erat eros viverra eget congue eget semper rutrum nulla nunc purus phasellus in felis donec semper sapien a libero nam dui proin leo odio porttitor id consequat in consequat ut nulla', 'Bislama', 'http://dummyimage.com/231x100.png/cc0000/ffffff');
insert into book (ISBN, book_title, publisher, number_of_pages, summary, book_language, image) values ('127462786-9', 'vestibulum eget vulputate ut ultrices', 'Buzzdog', 263, 'sapien a libero nam dui proin leo odio porttitor id consequat in consequat ut nulla sed accumsan felis ut at dolor quis', 'Tajik', 'http://dummyimage.com/183x100.png/cc0000/ffffff');
insert into book (ISBN, book_title, publisher, number_of_pages, summary, book_language, image) values ('691401631-3', 'volutpat convallis morbi odio odio elementum eu', 'Meevee', 468, 'duis faucibus accumsan odio curabitur convallis duis consequat dui nec nisi volutpat eleifend donec ut dolor morbi vel lectus in quam fringilla rhoncus mauris enim leo rhoncus sed vestibulum sit amet cursus id turpis integer aliquet massa id lobortis convallis tortor risus dapibus augue vel accumsan tellus nisi eu orci mauris lacinia sapien quis libero nullam sit amet turpis elementum ligula vehicula consequat morbi a ipsum integer a nibh in quis justo maecenas rhoncus aliquam lacus morbi quis tortor id nulla ultrices aliquet maecenas leo odio condimentum', 'Arabic', 'http://dummyimage.com/165x100.png/cc0000/ffffff');
insert into book (ISBN, book_title, publisher, number_of_pages, summary, book_language, image) values ('044480675-X', 'cursus id turpis integer aliquet massa id', 'Skippad', 128, 'praesent id massa id nisl venenatis lacinia aenean sit amet justo morbi ut odio cras mi pede malesuada in imperdiet et commodo vulputate justo in blandit ultrices enim lorem ipsum dolor sit amet consectetuer adipiscing elit proin interdum mauris non ligula pellentesque ultrices phasellus id sapien in sapien iaculis congue vivamus metus arcu adipiscing molestie hendrerit at vulputate vitae nisl aenean lectus pellentesque eget nunc donec quis orci eget orci vehicula condimentum curabitur in libero ut massa volutpat convallis morbi odio odio elementum eu interdum eu tincidunt in leo maecenas pulvinar lobortis est phasellus sit amet erat nulla tempus vivamus', 'Māori', 'http://dummyimage.com/245x100.png/5fa2dd/ffffff');
insert into book (ISBN, book_title, publisher, number_of_pages, summary, book_language, image) values ('587550036-0', 'lectus aliquam', 'Browsebug', 2, 'pede posuere nonummy integer non velit donec diam neque vestibulum eget vulputate ut ultrices vel augue vestibulum ante ipsum primis in faucibus orci luctus et ultrices posuere cubilia curae donec pharetra magna vestibulum aliquet ultrices erat tortor sollicitudin mi sit amet lobortis sapien sapien non mi integer ac neque duis bibendum morbi non quam nec dui luctus rutrum nulla tellus in sagittis dui vel nisl duis ac nibh fusce lacus purus aliquet at feugiat non pretium quis lectus suspendisse potenti', 'Malagasy', 'http://dummyimage.com/118x100.png/dddddd/000000');
insert into book (ISBN, book_title, publisher, number_of_pages, summary, book_language, image) values ('195316676-8', 'in felis donec semper', 'Blognation', 571, 'egestas metus aenean fermentum donec ut mauris eget massa tempor convallis nulla neque libero convallis eget eleifend luctus ultricies eu nibh quisque id justo sit amet sapien dignissim vestibulum vestibulum ante ipsum primis in faucibus orci luctus et ultrices posuere cubilia curae nulla dapibus dolor vel est donec', 'Georgian', 'http://dummyimage.com/230x100.png/cc0000/ffffff');
insert into book (ISBN, book_title, publisher, number_of_pages, summary, book_language, image) values ('297837927-8', 'vel lectus in quam fringilla rhoncus', 'Wordware', 407, 'justo in blandit ultrices enim lorem ipsum dolor sit amet consectetuer adipiscing elit proin interdum mauris non ligula pellentesque ultrices', 'Luxembourgish', 'http://dummyimage.com/182x100.png/5fa2dd/ffffff');
insert into book (ISBN, book_title, publisher, number_of_pages, summary, book_language, image) values ('615991417-0', 'consequat metus sapien', 'Youspan', 906, 'vel augue vestibulum ante ipsum primis in faucibus orci luctus et ultrices posuere cubilia curae donec pharetra magna vestibulum aliquet ultrices erat tortor sollicitudin mi sit amet lobortis sapien sapien non mi integer ac neque duis bibendum morbi non quam nec dui luctus rutrum nulla tellus in sagittis dui vel nisl duis ac nibh fusce lacus purus aliquet at feugiat non pretium quis lectus suspendisse potenti in eleifend quam a odio in hac habitasse platea dictumst maecenas ut massa quis augue luctus tincidunt nulla mollis molestie lorem quisque ut erat curabitur gravida nisi at nibh in hac habitasse platea', 'Georgian', 'http://dummyimage.com/124x100.png/dddddd/000000');
insert into book (ISBN, book_title, publisher, number_of_pages, summary, book_language, image) values ('662663871-8', 'felis sed lacus morbi', 'Meedoo', 669, 'massa donec dapibus duis at velit eu est congue elementum in hac habitasse platea dictumst morbi vestibulum velit id pretium iaculis diam erat fermentum justo nec condimentum neque sapien placerat ante nulla justo aliquam quis turpis eget elit sodales scelerisque mauris sit amet eros suspendisse accumsan tortor quis turpis sed ante vivamus tortor duis mattis egestas metus aenean fermentum donec ut mauris eget massa tempor convallis nulla neque libero convallis eget eleifend luctus ultricies eu nibh quisque id justo sit amet sapien dignissim vestibulum vestibulum ante ipsum primis in faucibus orci luctus et ultrices posuere cubilia curae nulla', 'Kashmiri', 'http://dummyimage.com/191x100.png/dddddd/000000');
insert into book (ISBN, book_title, publisher, number_of_pages, summary, book_language, image) values ('797609214-6', 'faucibus orci', 'Mynte', 894, 'neque aenean auctor gravida sem praesent id massa id nisl venenatis lacinia aenean sit amet justo morbi ut odio cras mi pede malesuada in imperdiet et commodo vulputate justo in blandit ultrices enim lorem ipsum dolor sit amet consectetuer adipiscing elit proin interdum mauris non ligula pellentesque ultrices phasellus id sapien in sapien iaculis congue vivamus metus arcu adipiscing molestie hendrerit at vulputate vitae nisl aenean lectus pellentesque eget nunc donec quis', 'Japanese', 'http://dummyimage.com/134x100.png/dddddd/000000');
insert into book (ISBN, book_title, publisher, number_of_pages, summary, book_language, image) values ('491310237-0', 'dis parturient montes nascetur ridiculus mus vivamus vestibulum sagittis', 'Gabcube', 1147, 'sapien cum sociis natoque penatibus et magnis dis parturient montes nascetur ridiculus mus etiam vel augue vestibulum rutrum rutrum neque aenean auctor gravida sem praesent id massa id nisl venenatis lacinia aenean sit amet justo morbi ut odio cras mi pede malesuada in imperdiet et commodo vulputate justo in blandit ultrices enim lorem ipsum dolor sit amet consectetuer adipiscing elit proin interdum mauris non ligula pellentesque ultrices phasellus id sapien in sapien iaculis congue vivamus metus arcu adipiscing molestie hendrerit at vulputate vitae nisl aenean lectus pellentesque eget nunc donec quis orci eget orci vehicula condimentum curabitur in libero', 'Swati', 'http://dummyimage.com/159x100.png/cc0000/ffffff');
insert into book (ISBN, book_title, publisher, number_of_pages, summary, book_language, image) values ('837612273-8', 'odio curabitur convallis duis consequat', 'Meevee', 647, 'est et tempus semper est quam pharetra magna ac consequat metus sapien ut nunc vestibulum ante ipsum primis in faucibus orci luctus et ultrices posuere cubilia curae mauris viverra diam vitae quam suspendisse potenti nullam porttitor lacus at turpis donec posuere metus vitae ipsum aliquam non mauris morbi non lectus aliquam sit amet diam in magna bibendum imperdiet nullam orci pede venenatis non', 'Hebrew', 'http://dummyimage.com/248x100.png/ff4444/ffffff');
insert into book (ISBN, book_title, publisher, number_of_pages, summary, book_language, image) values ('912612468-8', 'quis augue luctus', 'Realpoint', 779, 'duis bibendum morbi non quam nec dui luctus rutrum nulla tellus in sagittis dui vel nisl duis ac nibh fusce lacus purus aliquet at feugiat non pretium quis lectus suspendisse potenti in eleifend quam a odio in hac habitasse platea dictumst maecenas ut massa quis augue luctus tincidunt nulla mollis molestie lorem quisque ut erat curabitur gravida nisi', 'Māori', 'http://dummyimage.com/160x100.png/dddddd/000000');
insert into book (ISBN, book_title, publisher, number_of_pages, summary, book_language, image) values ('970600240-5', 'cras pellentesque volutpat dui', 'Yodel', 860, 'convallis tortor risus dapibus augue vel accumsan tellus nisi eu orci mauris lacinia sapien quis libero nullam sit amet turpis elementum ligula vehicula consequat morbi a ipsum integer a nibh in quis justo maecenas rhoncus aliquam lacus morbi quis tortor id nulla ultrices aliquet maecenas leo odio condimentum', 'Gujarati', 'http://dummyimage.com/195x100.png/ff4444/ffffff');
insert into book (ISBN, book_title, publisher, number_of_pages, summary, book_language, image) values ('517997567-0', 'diam cras pellentesque volutpat dui maecenas tristique', 'Latz', 348, 'dapibus dolor vel est donec odio justo sollicitudin ut suscipit a feugiat et eros vestibulum ac est lacinia nisi venenatis tristique fusce congue diam id ornare imperdiet sapien urna pretium nisl ut', 'Burmese', 'http://dummyimage.com/238x100.png/dddddd/000000');
insert into book (ISBN, book_title, publisher, number_of_pages, summary, book_language, image) values ('472060997-X', 'sapien non mi', 'Quimm', 417, 'lectus in est risus auctor sed tristique in tempus sit amet sem fusce consequat nulla nisl nunc nisl duis bibendum felis sed interdum venenatis turpis enim blandit mi in porttitor pede', 'Malayalam', 'http://dummyimage.com/205x100.png/ff4444/ffffff');
insert into book (ISBN, book_title, publisher, number_of_pages, summary, book_language, image) values ('077766582-4', 'metus sapien ut nunc vestibulum ante ipsum', 'Fiveclub', 182, 'in quam fringilla rhoncus mauris enim leo rhoncus sed vestibulum sit amet cursus id turpis integer aliquet massa id lobortis convallis tortor risus dapibus augue vel accumsan tellus nisi eu orci mauris lacinia sapien quis libero nullam sit amet turpis elementum ligula vehicula consequat morbi a ipsum integer a nibh in quis justo maecenas rhoncus aliquam lacus morbi quis tortor id nulla', 'Bulgarian', 'http://dummyimage.com/131x100.png/cc0000/ffffff');
insert into book (ISBN, book_title, publisher, number_of_pages, summary, book_language, image) values ('125423790-9', 'vestibulum sagittis sapien cum sociis natoque penatibus et magnis', 'Wordtune', 215, 'justo morbi ut odio cras mi pede malesuada in imperdiet et commodo vulputate justo in blandit ultrices enim lorem ipsum dolor sit amet consectetuer adipiscing elit proin interdum mauris non ligula pellentesque ultrices phasellus id sapien in sapien iaculis congue vivamus metus arcu adipiscing molestie hendrerit at vulputate vitae nisl aenean lectus pellentesque eget nunc donec quis orci', 'Kyrgyz', 'http://dummyimage.com/188x100.png/5fa2dd/ffffff');
insert into book (ISBN, book_title, publisher, number_of_pages, summary, book_language, image) values ('794283097-7', 'rhoncus dui vel sem sed sagittis nam congue risus', 'Plambee', 419, 'ornare imperdiet sapien urna pretium nisl ut volutpat sapien arcu sed augue aliquam erat volutpat in congue etiam justo etiam pretium iaculis justo in hac habitasse platea dictumst etiam faucibus cursus urna ut tellus nulla ut erat id mauris vulputate elementum nullam varius nulla facilisi cras non velit nec nisi vulputate nonummy maecenas tincidunt lacus at velit vivamus vel nulla eget eros elementum pellentesque quisque porta volutpat erat quisque erat eros viverra eget congue eget semper rutrum nulla nunc purus phasellus in felis donec semper sapien a libero nam dui proin', 'Tajik', 'http://dummyimage.com/139x100.png/5fa2dd/ffffff');
insert into book (ISBN, book_title, publisher, number_of_pages, summary, book_language, image) values ('858762641-8', 'vitae nisi', 'Trudeo', 1001, 'leo odio porttitor id consequat in consequat ut nulla sed accumsan felis ut at dolor quis odio consequat varius integer ac leo pellentesque ultrices mattis odio donec vitae nisi nam ultrices libero non mattis pulvinar nulla pede ullamcorper augue a suscipit nulla elit ac nulla sed vel enim sit amet nunc viverra dapibus nulla suscipit ligula in lacus curabitur at ipsum ac tellus semper interdum mauris ullamcorper purus sit amet nulla quisque arcu libero rutrum ac lobortis vel dapibus at diam nam tristique tortor eu', 'Yiddish', 'http://dummyimage.com/184x100.png/cc0000/ffffff');
insert into book (ISBN, book_title, publisher, number_of_pages, summary, book_language, image) values ('525916693-0', 'ornare imperdiet sapien urna pretium nisl ut', 'Jaxspan', 1088, 'pellentesque ultrices phasellus id sapien in sapien iaculis congue vivamus metus arcu adipiscing molestie hendrerit at vulputate vitae nisl aenean lectus pellentesque eget nunc donec quis orci eget orci vehicula condimentum curabitur in libero ut massa volutpat convallis morbi odio odio elementum eu interdum eu tincidunt in leo maecenas pulvinar lobortis est phasellus sit amet erat nulla tempus vivamus in felis eu sapien cursus vestibulum proin', 'Latvian', 'http://dummyimage.com/157x100.png/ff4444/ffffff');
insert into book (ISBN, book_title, publisher, number_of_pages, summary, book_language, image) values ('544507456-0', 'quam pede lobortis', 'Rooxo', 182, 'in congue etiam justo etiam pretium iaculis justo in hac habitasse platea dictumst etiam faucibus cursus urna ut tellus nulla ut erat id mauris vulputate elementum nullam varius nulla facilisi cras non velit nec nisi vulputate nonummy maecenas tincidunt lacus at velit vivamus vel nulla eget eros elementum pellentesque quisque porta volutpat erat', 'Hungarian', 'http://dummyimage.com/249x100.png/dddddd/000000');
insert into book (ISBN, book_title, publisher, number_of_pages, summary, book_language, image) values ('899571618-5', 'magna bibendum imperdiet nullam orci', 'Chatterbridge', 400, 'sed ante vivamus tortor duis mattis egestas metus aenean fermentum donec ut mauris eget massa tempor convallis nulla neque libero convallis eget eleifend luctus ultricies eu nibh quisque id justo sit amet sapien dignissim vestibulum vestibulum ante ipsum primis in faucibus orci luctus et ultrices posuere cubilia curae nulla dapibus dolor vel est donec odio justo sollicitudin ut suscipit a feugiat et eros vestibulum ac est lacinia nisi', 'Romanian', 'http://dummyimage.com/134x100.png/5fa2dd/ffffff');
insert into book (ISBN, book_title, publisher, number_of_pages, summary, book_language, image) values ('758587733-1', 'venenatis turpis', 'Realfire', 979, 'imperdiet sapien urna pretium nisl ut volutpat sapien arcu sed augue aliquam erat volutpat in congue etiam justo etiam pretium iaculis justo in hac habitasse platea dictumst etiam faucibus cursus urna ut tellus nulla ut erat id mauris vulputate elementum nullam', 'Nepali', 'http://dummyimage.com/240x100.png/5fa2dd/ffffff');
insert into book (ISBN, book_title, publisher, number_of_pages, summary, book_language, image) values ('598084889-4', 'cum sociis natoque penatibus et magnis dis parturient', 'Vinder', 504, 'curae duis faucibus accumsan odio curabitur convallis duis consequat dui nec nisi volutpat eleifend donec ut dolor morbi vel lectus in quam fringilla rhoncus mauris enim leo rhoncus sed vestibulum sit amet cursus id turpis integer aliquet massa id lobortis convallis tortor risus dapibus augue vel accumsan tellus nisi eu orci mauris lacinia sapien quis libero nullam sit amet turpis elementum ligula', 'Swati', 'http://dummyimage.com/202x100.png/cc0000/ffffff');
insert into book (ISBN, book_title, publisher, number_of_pages, summary, book_language, image) values ('720192568-7', 'nunc rhoncus dui vel sem', 'Shuffledrive', 489, 'elit sodales scelerisque mauris sit amet eros suspendisse accumsan tortor quis turpis sed ante vivamus tortor duis mattis egestas metus aenean fermentum donec ut mauris eget massa tempor convallis nulla neque libero convallis eget eleifend luctus ultricies eu nibh quisque id justo sit amet sapien dignissim vestibulum vestibulum ante ipsum', 'Amharic', 'http://dummyimage.com/223x100.png/cc0000/ffffff');
insert into book (ISBN, book_title, publisher, number_of_pages, summary, book_language, image) values ('487848761-5', 'nisi vulputate nonummy maecenas tincidunt', 'Mycat', 1059, 'eu magna vulputate luctus cum sociis natoque penatibus et magnis dis parturient montes nascetur ridiculus mus vivamus vestibulum sagittis sapien cum sociis natoque penatibus et magnis dis parturient montes nascetur ridiculus mus etiam vel augue vestibulum rutrum rutrum neque aenean auctor gravida sem praesent id massa id nisl venenatis lacinia', 'Italian', 'http://dummyimage.com/148x100.png/ff4444/ffffff');
insert into book (ISBN, book_title, publisher, number_of_pages, summary, book_language, image) values ('347764798-X', 'elementum ligula vehicula', 'Lazz', 1031, 'suspendisse potenti nullam porttitor lacus at turpis donec posuere metus vitae ipsum aliquam non mauris morbi non lectus aliquam sit amet diam in magna bibendum imperdiet nullam', 'Montenegrin', 'http://dummyimage.com/191x100.png/cc0000/ffffff');
insert into book (ISBN, book_title, publisher, number_of_pages, summary, book_language, image) values ('339882871-X', 'pede justo lacinia', 'Latz', 12, 'vehicula consequat morbi a ipsum integer a nibh in quis justo maecenas rhoncus aliquam lacus morbi quis tortor id nulla ultrices aliquet maecenas leo odio condimentum id luctus nec molestie sed justo pellentesque viverra pede ac diam cras pellentesque volutpat dui maecenas tristique est et', 'Zulu', 'http://dummyimage.com/161x100.png/dddddd/000000');
insert into book (ISBN, book_title, publisher, number_of_pages, summary, book_language, image) values ('049890889-5', 'vestibulum quam sapien varius ut blandit non interdum in', 'Mita', 104, 'in felis donec semper sapien a libero nam dui proin leo odio porttitor id consequat in consequat ut nulla sed accumsan felis ut at dolor quis odio consequat varius integer ac leo pellentesque ultrices mattis odio donec vitae nisi nam ultrices libero non mattis pulvinar nulla pede ullamcorper augue a suscipit nulla elit ac nulla sed vel enim sit amet nunc viverra dapibus nulla suscipit ligula', 'West Frisian', 'http://dummyimage.com/247x100.png/cc0000/ffffff');
insert into book (ISBN, book_title, publisher, number_of_pages, summary, book_language, image) values ('555191583-2', 'tempor convallis nulla neque', 'Nlounge', 432, 'velit nec nisi vulputate nonummy maecenas tincidunt lacus at velit vivamus vel nulla eget eros elementum pellentesque quisque porta volutpat erat quisque erat eros viverra eget congue eget semper rutrum nulla nunc purus phasellus in felis donec semper sapien a libero nam dui proin leo odio porttitor id consequat in consequat ut nulla sed accumsan felis ut at dolor quis odio consequat varius integer ac leo pellentesque ultrices mattis odio donec vitae nisi nam ultrices libero non mattis pulvinar nulla pede ullamcorper augue a suscipit nulla elit ac', 'Papiamento', 'http://dummyimage.com/112x100.png/dddddd/000000');
insert into book (ISBN, book_title, publisher, number_of_pages, summary, book_language, image) values ('158493176-0', 'duis bibendum felis sed interdum venenatis turpis enim', 'Demimbu', 643, 'vitae nisl aenean lectus pellentesque eget nunc donec quis orci eget orci vehicula condimentum curabitur in libero ut massa volutpat convallis morbi odio odio elementum eu interdum eu tincidunt in leo maecenas pulvinar lobortis est phasellus sit amet erat nulla tempus', 'Croatian', 'http://dummyimage.com/135x100.png/cc0000/ffffff');
insert into book (ISBN, book_title, publisher, number_of_pages, summary, book_language, image) values ('177371016-8', 'sollicitudin mi sit amet lobortis sapien sapien non mi integer', 'Janyx', 601, 'accumsan felis ut at dolor quis odio consequat varius integer ac leo pellentesque ultrices mattis odio donec vitae nisi nam ultrices libero non mattis pulvinar nulla pede ullamcorper augue a suscipit nulla elit ac nulla sed vel enim sit amet nunc viverra dapibus nulla suscipit ligula in lacus curabitur at ipsum ac tellus semper interdum mauris ullamcorper purus sit amet nulla quisque arcu libero rutrum ac lobortis vel dapibus', 'Punjabi', 'http://dummyimage.com/178x100.png/ff4444/ffffff');
insert into book (ISBN, book_title, publisher, number_of_pages, summary, book_language, image) values ('536856694-8', 'vivamus metus arcu adipiscing molestie hendrerit at vulputate vitae nisl', 'Youspan', 616, 'sit amet turpis elementum ligula vehicula consequat morbi a ipsum integer a nibh in quis justo maecenas rhoncus aliquam lacus morbi quis tortor id nulla ultrices aliquet maecenas leo odio condimentum id luctus nec molestie sed justo pellentesque viverra pede ac diam cras pellentesque volutpat dui maecenas tristique est et tempus semper est', 'New Zealand Sign Language', 'http://dummyimage.com/135x100.png/dddddd/000000');
insert into book (ISBN, book_title, publisher, number_of_pages, summary, book_language, image) values ('750676546-2', 'integer a nibh in quis justo maecenas rhoncus aliquam', 'Flashpoint', 459, 'neque vestibulum eget vulputate ut ultrices vel augue vestibulum ante ipsum primis in faucibus orci luctus et ultrices posuere cubilia curae donec pharetra magna vestibulum aliquet ultrices erat tortor sollicitudin mi sit amet lobortis sapien sapien non mi integer ac neque duis bibendum morbi non quam nec dui luctus rutrum nulla tellus in sagittis dui vel nisl duis ac nibh fusce lacus purus aliquet at feugiat non pretium quis lectus suspendisse potenti in eleifend quam a odio in hac habitasse platea dictumst maecenas', 'Telugu', 'http://dummyimage.com/133x100.png/cc0000/ffffff');
insert into book (ISBN, book_title, publisher, number_of_pages, summary, book_language, image) values ('553033729-5', 'blandit nam nulla integer pede justo lacinia eget tincidunt eget', 'Jabbertype', 281, 'neque sapien placerat ante nulla justo aliquam quis turpis eget elit sodales scelerisque mauris sit amet eros suspendisse accumsan tortor quis turpis sed ante vivamus tortor duis mattis egestas metus aenean fermentum donec ut mauris eget massa tempor convallis nulla neque libero convallis eget eleifend luctus ultricies eu nibh quisque id justo sit amet sapien dignissim vestibulum vestibulum ante ipsum primis in faucibus orci luctus et ultrices posuere cubilia curae nulla dapibus dolor vel est donec odio justo sollicitudin ut suscipit a feugiat et eros vestibulum ac est lacinia nisi venenatis tristique fusce congue diam id', 'Lithuanian', 'http://dummyimage.com/234x100.png/dddddd/000000');
insert into book (ISBN, book_title, publisher, number_of_pages, summary, book_language, image) values ('914522344-0', 'donec posuere metus vitae ipsum aliquam non mauris morbi non', 'Janyx', 393, 'eleifend quam a odio in hac habitasse platea dictumst maecenas ut massa quis augue luctus tincidunt nulla mollis molestie lorem quisque ut erat curabitur gravida nisi at nibh in hac habitasse platea dictumst aliquam augue quam sollicitudin vitae consectetuer eget rutrum at lorem integer tincidunt ante vel ipsum praesent blandit lacinia erat vestibulum sed magna at nunc commodo placerat praesent blandit nam', 'Punjabi', 'http://dummyimage.com/164x100.png/dddddd/000000');
insert into book (ISBN, book_title, publisher, number_of_pages, summary, book_language, image) values ('539100299-0', 'magna vulputate luctus', 'Kimia', 301, 'in hac habitasse platea dictumst morbi vestibulum velit id pretium iaculis diam erat fermentum justo nec condimentum neque sapien placerat ante nulla justo aliquam quis turpis eget elit sodales scelerisque mauris sit amet eros suspendisse accumsan tortor quis turpis sed ante vivamus tortor duis mattis egestas metus aenean fermentum donec ut mauris eget massa tempor convallis nulla neque libero convallis eget eleifend luctus ultricies eu nibh quisque id justo sit amet sapien dignissim vestibulum vestibulum ante ipsum primis in faucibus orci luctus et ultrices posuere cubilia curae nulla dapibus dolor', 'Georgian', 'http://dummyimage.com/184x100.png/dddddd/000000');
insert into book (ISBN, book_title, publisher, number_of_pages, summary, book_language, image) values ('078006256-6', 'ipsum primis in faucibus orci luctus et ultrices', 'Zooveo', 1059, 'pede malesuada in imperdiet et commodo vulputate justo in blandit ultrices enim lorem ipsum dolor sit amet consectetuer adipiscing elit proin interdum mauris non ligula pellentesque', 'Romanian', 'http://dummyimage.com/153x100.png/ff4444/ffffff');
insert into book (ISBN, book_title, publisher, number_of_pages, summary, book_language, image) values ('322441818-4', 'donec ut mauris eget massa tempor', 'Pixope', 203, 'justo etiam pretium iaculis justo in hac habitasse platea dictumst etiam faucibus cursus urna ut tellus nulla ut erat id mauris vulputate elementum nullam varius nulla facilisi cras non velit nec nisi vulputate nonummy maecenas tincidunt lacus at', 'Mongolian', 'http://dummyimage.com/103x100.png/5fa2dd/ffffff');
insert into book (ISBN, book_title, publisher, number_of_pages, summary, book_language, image) values ('190192684-2', 'nisl aenean lectus pellentesque eget nunc donec quis', 'Skiba', 328, 'faucibus orci luctus et ultrices posuere cubilia curae mauris viverra diam vitae quam suspendisse potenti nullam porttitor lacus at turpis donec posuere metus vitae ipsum aliquam non mauris morbi non lectus aliquam sit amet diam in magna bibendum imperdiet nullam orci pede venenatis non sodales sed tincidunt eu felis fusce posuere felis sed lacus morbi sem mauris laoreet ut rhoncus aliquet pulvinar sed nisl nunc rhoncus dui vel sem sed sagittis nam congue risus semper porta volutpat quam pede lobortis ligula sit amet eleifend pede libero quis orci nullam molestie nibh in lectus pellentesque at nulla suspendisse potenti cras', 'Kashmiri', 'http://dummyimage.com/123x100.png/cc0000/ffffff');
insert into book (ISBN, book_title, publisher, number_of_pages, summary, book_language, image) values ('197112958-5', 'donec semper', 'Voonyx', 35, 'sed justo pellentesque viverra pede ac diam cras pellentesque volutpat dui maecenas tristique est et tempus semper est quam pharetra magna ac consequat metus sapien ut nunc vestibulum ante ipsum primis in faucibus orci luctus et ultrices posuere cubilia curae mauris viverra diam vitae quam suspendisse potenti nullam porttitor lacus at turpis donec posuere metus vitae ipsum aliquam non mauris morbi non lectus aliquam sit amet', 'Dutch', 'http://dummyimage.com/249x100.png/ff4444/ffffff');
insert into book (ISBN, book_title, publisher, number_of_pages, summary, book_language, image) values ('094794358-7', 'ut blandit non interdum in ante', 'Skiptube', 503, 'tortor id nulla ultrices aliquet maecenas leo odio condimentum id luctus nec molestie sed justo pellentesque viverra pede ac diam cras pellentesque volutpat dui maecenas tristique est et tempus semper est quam pharetra magna ac consequat metus sapien ut nunc vestibulum ante ipsum primis in faucibus orci luctus et ultrices posuere cubilia curae mauris viverra diam vitae quam suspendisse potenti nullam porttitor lacus at turpis donec posuere metus vitae ipsum aliquam non mauris morbi non lectus aliquam sit amet diam in magna', 'Catalan', 'http://dummyimage.com/181x100.png/5fa2dd/ffffff');
insert into book (ISBN, book_title, publisher, number_of_pages, summary, book_language, image) values ('612870733-5', 'consequat ut nulla', 'Devpoint', 431, 'aenean sit amet justo morbi ut odio cras mi pede malesuada in imperdiet et commodo vulputate justo in blandit ultrices enim lorem ipsum dolor sit amet consectetuer adipiscing elit proin interdum mauris non ligula pellentesque ultrices phasellus id sapien in sapien iaculis congue vivamus metus arcu adipiscing molestie hendrerit at vulputate vitae nisl aenean lectus pellentesque eget nunc donec quis orci eget orci', 'Ndebele', 'http://dummyimage.com/248x100.png/dddddd/000000');
insert into book (ISBN, book_title, publisher, number_of_pages, summary, book_language, image) values ('359840969-9', 'cursus urna ut tellus nulla ut erat', 'Babblestorm', 1174, 'ac enim in tempor turpis nec euismod scelerisque quam turpis adipiscing lorem vitae mattis nibh ligula nec sem duis aliquam convallis nunc proin at turpis a pede posuere nonummy integer non velit donec diam neque vestibulum eget vulputate ut ultrices vel augue vestibulum ante ipsum primis in faucibus orci luctus et ultrices posuere cubilia curae donec pharetra magna vestibulum aliquet ultrices erat tortor sollicitudin mi sit amet lobortis sapien sapien non mi integer', 'Haitian Creole', 'http://dummyimage.com/240x100.png/cc0000/ffffff');
insert into book (ISBN, book_title, publisher, number_of_pages, summary, book_language, image) values ('495138030-7', 'potenti nullam porttitor lacus', 'Thoughtblab', 1164, 'at velit vivamus vel nulla eget eros elementum pellentesque quisque porta volutpat erat quisque erat eros viverra eget congue eget semper rutrum nulla nunc purus phasellus in felis donec semper sapien a libero nam dui proin leo odio porttitor id consequat in consequat ut nulla sed accumsan felis ut at dolor quis odio consequat varius integer ac leo pellentesque ultrices mattis odio donec vitae nisi nam ultrices libero non mattis pulvinar nulla pede ullamcorper augue a suscipit nulla elit ac nulla sed vel enim sit amet nunc viverra dapibus', 'Kyrgyz', 'http://dummyimage.com/189x100.png/cc0000/ffffff');
insert into book (ISBN, book_title, publisher, number_of_pages, summary, book_language, image) values ('886366983-X', 'donec diam neque', 'Yambee', 1139, 'volutpat quam pede lobortis ligula sit amet eleifend pede libero quis orci nullam molestie nibh in lectus pellentesque at nulla suspendisse potenti cras in purus eu magna vulputate luctus cum sociis natoque penatibus et magnis dis parturient montes nascetur ridiculus mus vivamus vestibulum sagittis sapien cum sociis natoque penatibus et magnis dis parturient montes nascetur ridiculus mus etiam vel augue vestibulum rutrum rutrum neque aenean auctor gravida sem praesent id massa id nisl venenatis lacinia aenean sit amet justo morbi ut odio cras mi pede malesuada in imperdiet et commodo vulputate justo in blandit ultrices enim lorem', 'Bengali', 'http://dummyimage.com/107x100.png/5fa2dd/ffffff');
insert into book (ISBN, book_title, publisher, number_of_pages, summary, book_language, image) values ('878395106-7', 'rhoncus aliquet pulvinar', 'Skimia', 879, 'praesent lectus vestibulum quam sapien varius ut blandit non interdum in ante vestibulum ante ipsum primis in faucibus orci luctus et ultrices posuere cubilia curae duis faucibus accumsan odio curabitur convallis', 'Ndebele', 'http://dummyimage.com/160x100.png/ff4444/ffffff');
insert into book (ISBN, book_title, publisher, number_of_pages, summary, book_language, image) values ('889189517-2', 'adipiscing molestie hendrerit at vulputate vitae nisl', 'Skinix', 422, 'eu massa donec dapibus duis at velit eu est congue elementum in hac habitasse platea dictumst morbi vestibulum velit id pretium iaculis diam erat fermentum justo nec condimentum neque sapien placerat ante nulla justo aliquam quis turpis eget elit sodales scelerisque mauris sit amet', 'Swati', 'http://dummyimage.com/173x100.png/ff4444/ffffff');
insert into book (ISBN, book_title, publisher, number_of_pages, summary, book_language, image) values ('815208823-4', 'lobortis est phasellus sit amet erat nulla tempus', 'Jaxspan', 208, 'bibendum morbi non quam nec dui luctus rutrum nulla tellus in sagittis dui vel nisl duis ac nibh fusce lacus purus aliquet at feugiat non pretium quis lectus suspendisse potenti in eleifend quam a odio in hac habitasse', 'Maltese', 'http://dummyimage.com/126x100.png/cc0000/ffffff');
insert into book (ISBN, book_title, publisher, number_of_pages, summary, book_language, image) values ('708854917-4', 'ullamcorper purus sit amet', 'Roodel', 680, 'condimentum curabitur in libero ut massa volutpat convallis morbi odio odio elementum eu interdum eu tincidunt in leo maecenas pulvinar lobortis est phasellus sit amet erat nulla tempus vivamus in felis eu sapien cursus vestibulum proin eu mi nulla ac enim in tempor turpis nec euismod scelerisque quam turpis adipiscing lorem vitae mattis nibh ligula nec sem duis aliquam convallis nunc proin at turpis a pede posuere nonummy integer non velit', 'Estonian', 'http://dummyimage.com/126x100.png/cc0000/ffffff');
insert into book (ISBN, book_title, publisher, number_of_pages, summary, book_language, image) values ('854329928-4', 'vitae quam suspendisse potenti nullam porttitor lacus at turpis', 'Linklinks', 921, 'morbi vel lectus in quam fringilla rhoncus mauris enim leo rhoncus sed vestibulum sit amet cursus id turpis integer aliquet massa id lobortis convallis tortor risus dapibus augue vel accumsan tellus nisi eu orci', 'Latvian', 'http://dummyimage.com/233x100.png/5fa2dd/ffffff');


insert into book_in_library (book_id, school_id, no_of_copies_in_library, last_update) values (86, 3, 30, '2021-10-01 09:19:34');
insert into book_in_library (book_id, school_id, no_of_copies_in_library, last_update) values (18, 1, 22, '2007-10-29 06:11:59');
insert into book_in_library (book_id, school_id, no_of_copies_in_library, last_update) values (63, 2, 6, '2018-01-31 09:00:20');
insert into book_in_library (book_id, school_id, no_of_copies_in_library, last_update) values (72, 5, 18, '2020-09-28 10:47:57');
insert into book_in_library (book_id, school_id, no_of_copies_in_library, last_update) values (66, 3, 4, '2007-06-07 10:46:07');
insert into book_in_library (book_id, school_id, no_of_copies_in_library, last_update) values (19, 3, 20, '2020-12-10 14:10:38');
insert into book_in_library (book_id, school_id, no_of_copies_in_library, last_update) values (37, 2, 3, '2016-05-21 05:39:20');
insert into book_in_library (book_id, school_id, no_of_copies_in_library, last_update) values (36, 4, 8, '2009-01-30 09:06:27');
insert into book_in_library (book_id, school_id, no_of_copies_in_library, last_update) values (18, 3, 27, '2010-02-26 13:03:38');
insert into book_in_library (book_id, school_id, no_of_copies_in_library, last_update) values (50, 2, 21, '2015-05-22 22:53:41');
insert into book_in_library (book_id, school_id, no_of_copies_in_library, last_update) values (47, 3, 22, '2007-09-13 14:23:09');
insert into book_in_library (book_id, school_id, no_of_copies_in_library, last_update) values (97, 5, 8, '2022-12-18 08:20:37');
insert into book_in_library (book_id, school_id, no_of_copies_in_library, last_update) values (67, 3, 23, '2016-06-15 01:22:25');
insert into book_in_library (book_id, school_id, no_of_copies_in_library, last_update) values (47, 4, 23, '2002-09-26 13:23:59');
insert into book_in_library (book_id, school_id, no_of_copies_in_library, last_update) values (70, 5, 8, '2011-11-08 12:35:17');
insert into book_in_library (book_id, school_id, no_of_copies_in_library, last_update) values (43, 4, 7, '2022-05-30 14:00:25');
insert into book_in_library (book_id, school_id, no_of_copies_in_library, last_update) values (58, 2, 11, '2015-08-28 01:52:38');
insert into book_in_library (book_id, school_id, no_of_copies_in_library, last_update) values (10, 2, 29, '2014-10-05 12:35:04');
insert into book_in_library (book_id, school_id, no_of_copies_in_library, last_update) values (32, 2, 11, '2021-11-16 05:01:42');
insert into book_in_library (book_id, school_id, no_of_copies_in_library, last_update) values (36, 4, 27, '2008-02-09 05:50:57');
insert into book_in_library (book_id, school_id, no_of_copies_in_library, last_update) values (52, 2, 14, '2020-04-20 17:52:38');
insert into book_in_library (book_id, school_id, no_of_copies_in_library, last_update) values (10, 1, 14, '2009-11-26 17:03:57');
insert into book_in_library (book_id, school_id, no_of_copies_in_library, last_update) values (15, 3, 19, '2017-09-14 00:48:45');
insert into book_in_library (book_id, school_id, no_of_copies_in_library, last_update) values (14, 4, 1, '2018-09-20 10:30:41');
insert into book_in_library (book_id, school_id, no_of_copies_in_library, last_update) values (84, 4, 22, '2000-12-06 08:23:27');
insert into book_in_library (book_id, school_id, no_of_copies_in_library, last_update) values (99, 5, 30, '2009-04-30 05:14:31');
insert into book_in_library (book_id, school_id, no_of_copies_in_library, last_update) values (62, 5, 16, '2000-02-19 20:55:47');
insert into book_in_library (book_id, school_id, no_of_copies_in_library, last_update) values (68, 2, 21, '2012-10-13 22:24:34');
insert into book_in_library (book_id, school_id, no_of_copies_in_library, last_update) values (12, 5, 21, '2016-04-16 00:27:03');
insert into book_in_library (book_id, school_id, no_of_copies_in_library, last_update) values (58, 3, 1, '2020-03-04 20:09:34');
insert into book_in_library (book_id, school_id, no_of_copies_in_library, last_update) values (62, 4, 22, '2013-11-14 22:26:33');
insert into book_in_library (book_id, school_id, no_of_copies_in_library, last_update) values (16, 4, 16, '2004-05-27 08:31:18');
insert into book_in_library (book_id, school_id, no_of_copies_in_library, last_update) values (88, 3, 26, '2010-06-11 03:23:41');
insert into book_in_library (book_id, school_id, no_of_copies_in_library, last_update) values (61, 1, 15, '2000-09-11 21:28:55');
insert into book_in_library (book_id, school_id, no_of_copies_in_library, last_update) values (5, 5, 16, '2013-08-30 21:22:15');
insert into book_in_library (book_id, school_id, no_of_copies_in_library, last_update) values (65, 2, 2, '2005-05-13 19:19:06');
insert into book_in_library (book_id, school_id, no_of_copies_in_library, last_update) values (41, 3, 23, '2002-11-29 15:32:42');
insert into book_in_library (book_id, school_id, no_of_copies_in_library, last_update) values (41, 2, 24, '2010-03-30 05:38:14');
insert into book_in_library (book_id, school_id, no_of_copies_in_library, last_update) values (62, 2, 1, '2021-12-03 19:26:32');
insert into book_in_library (book_id, school_id, no_of_copies_in_library, last_update) values (9, 3, 23, '2015-06-20 04:44:28');
insert into book_in_library (book_id, school_id, no_of_copies_in_library, last_update) values (91, 2, 2, '2022-06-28 14:26:51');
insert into book_in_library (book_id, school_id, no_of_copies_in_library, last_update) values (33, 3, 3, '2006-01-11 19:17:10');
insert into book_in_library (book_id, school_id, no_of_copies_in_library, last_update) values (17, 2, 17, '2015-03-24 01:12:32');
insert into book_in_library (book_id, school_id, no_of_copies_in_library, last_update) values (57, 3, 25, '2005-08-25 18:07:43');
insert into book_in_library (book_id, school_id, no_of_copies_in_library, last_update) values (29, 2, 7, '2000-12-10 11:37:00');
insert into book_in_library (book_id, school_id, no_of_copies_in_library, last_update) values (26, 1, 5, '2021-11-17 09:40:30');
insert into book_in_library (book_id, school_id, no_of_copies_in_library, last_update) values (21, 2, 11, '2008-11-19 04:14:16');
insert into book_in_library (book_id, school_id, no_of_copies_in_library, last_update) values (8, 2, 22, '2014-09-05 15:28:16');
insert into book_in_library (book_id, school_id, no_of_copies_in_library, last_update) values (16, 1, 27, '2015-01-12 01:34:08');
insert into book_in_library (book_id, school_id, no_of_copies_in_library, last_update) values (87, 2, 3, '2009-06-17 11:18:21');
insert into book_in_library (book_id, school_id, no_of_copies_in_library, last_update) values (98, 1, 17, '2001-05-01 05:53:24');
insert into book_in_library (book_id, school_id, no_of_copies_in_library, last_update) values (26, 4, 2, '2006-10-24 23:47:32');
insert into book_in_library (book_id, school_id, no_of_copies_in_library, last_update) values (78, 4, 20, '2012-11-21 10:57:37');
insert into book_in_library (book_id, school_id, no_of_copies_in_library, last_update) values (90, 4, 8, '2020-01-19 00:55:42');
insert into book_in_library (book_id, school_id, no_of_copies_in_library, last_update) values (79, 2, 21, '2003-10-30 08:03:07');
insert into book_in_library (book_id, school_id, no_of_copies_in_library, last_update) values (32, 2, 6, '2007-01-18 11:51:23');
insert into book_in_library (book_id, school_id, no_of_copies_in_library, last_update) values (17, 3, 10, '2014-06-05 08:04:13');
insert into book_in_library (book_id, school_id, no_of_copies_in_library, last_update) values (60, 3, 29, '2017-03-18 17:26:06');
insert into book_in_library (book_id, school_id, no_of_copies_in_library, last_update) values (47, 5, 18, '2001-01-04 13:24:11');
insert into book_in_library (book_id, school_id, no_of_copies_in_library, last_update) values (23, 1, 6, '2020-07-06 18:12:15');
insert into book_in_library (book_id, school_id, no_of_copies_in_library, last_update) values (48, 1, 19, '2000-11-06 22:00:50');
insert into book_in_library (book_id, school_id, no_of_copies_in_library, last_update) values (47, 4, 7, '2008-10-26 02:23:06');
insert into book_in_library (book_id, school_id, no_of_copies_in_library, last_update) values (28, 4, 3, '2014-01-31 06:25:20');
insert into book_in_library (book_id, school_id, no_of_copies_in_library, last_update) values (91, 5, 25, '2007-10-31 07:42:38');
insert into book_in_library (book_id, school_id, no_of_copies_in_library, last_update) values (50, 3, 24, '2009-03-13 00:50:24');
insert into book_in_library (book_id, school_id, no_of_copies_in_library, last_update) values (82, 5, 25, '2006-10-18 14:41:41');
insert into book_in_library (book_id, school_id, no_of_copies_in_library, last_update) values (66, 3, 7, '2003-05-03 09:28:35');
insert into book_in_library (book_id, school_id, no_of_copies_in_library, last_update) values (63, 5, 20, '2016-08-26 06:40:56');
insert into book_in_library (book_id, school_id, no_of_copies_in_library, last_update) values (13, 3, 11, '2011-11-16 14:39:00');
insert into book_in_library (book_id, school_id, no_of_copies_in_library, last_update) values (37, 1, 2, '2002-09-10 06:40:53');
insert into book_in_library (book_id, school_id, no_of_copies_in_library, last_update) values (86, 2, 21, '2011-08-28 07:43:19');
insert into book_in_library (book_id, school_id, no_of_copies_in_library, last_update) values (100, 5, 5, '2021-10-11 11:12:11');
insert into book_in_library (book_id, school_id, no_of_copies_in_library, last_update) values (90, 1, 9, '2011-08-24 04:57:06');
insert into book_in_library (book_id, school_id, no_of_copies_in_library, last_update) values (28, 1, 13, '2014-03-22 19:04:02');
insert into book_in_library (book_id, school_id, no_of_copies_in_library, last_update) values (17, 4, 3, '2006-11-01 15:09:31');
insert into book_in_library (book_id, school_id, no_of_copies_in_library, last_update) values (77, 5, 18, '2016-09-04 03:29:57');
insert into book_in_library (book_id, school_id, no_of_copies_in_library, last_update) values (31, 5, 13, '2008-05-18 07:40:31');
insert into book_in_library (book_id, school_id, no_of_copies_in_library, last_update) values (43, 2, 4, '2019-08-20 18:27:00');
insert into book_in_library (book_id, school_id, no_of_copies_in_library, last_update) values (39, 1, 24, '2020-06-17 19:22:50');
insert into book_in_library (book_id, school_id, no_of_copies_in_library, last_update) values (6, 5, 9, '2018-08-17 07:40:15');
insert into book_in_library (book_id, school_id, no_of_copies_in_library, last_update) values (10, 2, 2, '2022-11-05 23:31:42');
insert into book_in_library (book_id, school_id, no_of_copies_in_library, last_update) values (86, 3, 12, '2022-05-11 23:28:18');
insert into book_in_library (book_id, school_id, no_of_copies_in_library, last_update) values (22, 3, 10, '2009-09-28 08:47:31');
insert into book_in_library (book_id, school_id, no_of_copies_in_library, last_update) values (86, 1, 13, '2013-10-28 01:52:02');
insert into book_in_library (book_id, school_id, no_of_copies_in_library, last_update) values (27, 1, 12, '2020-02-12 13:37:11');
insert into book_in_library (book_id, school_id, no_of_copies_in_library, last_update) values (88, 3, 15, '2002-05-09 11:13:23');
insert into book_in_library (book_id, school_id, no_of_copies_in_library, last_update) values (45, 5, 6, '2008-04-03 03:11:52');
insert into book_in_library (book_id, school_id, no_of_copies_in_library, last_update) values (97, 5, 9, '2009-05-19 00:23:59');
insert into book_in_library (book_id, school_id, no_of_copies_in_library, last_update) values (23, 1, 25, '2009-06-13 12:05:13');
insert into book_in_library (book_id, school_id, no_of_copies_in_library, last_update) values (30, 3, 30, '2010-08-16 17:57:39');
insert into book_in_library (book_id, school_id, no_of_copies_in_library, last_update) values (15, 2, 11, '2004-01-06 06:31:48');
insert into book_in_library (book_id, school_id, no_of_copies_in_library, last_update) values (10, 3, 14, '2022-12-27 01:56:11');
insert into book_in_library (book_id, school_id, no_of_copies_in_library, last_update) values (92, 2, 23, '2013-01-18 19:34:29');
insert into book_in_library (book_id, school_id, no_of_copies_in_library, last_update) values (38, 3, 25, '2011-07-27 00:13:38');
insert into book_in_library (book_id, school_id, no_of_copies_in_library, last_update) values (58, 3, 15, '2006-03-18 00:37:54');
insert into book_in_library (book_id, school_id, no_of_copies_in_library, last_update) values (48, 1, 25, '2006-02-04 10:18:13');
insert into book_in_library (book_id, school_id, no_of_copies_in_library, last_update) values (39, 1, 7, '2001-04-29 09:57:56');
insert into book_in_library (book_id, school_id, no_of_copies_in_library, last_update) values (100, 5, 6, '2014-10-12 16:41:29');
insert into book_in_library (book_id, school_id, no_of_copies_in_library, last_update) values (38, 4, 28, '2008-01-09 17:14:48');
insert into book_in_library (book_id, school_id, no_of_copies_in_library, last_update) values (1, 2, 14, '2008-01-21 17:26:39');
insert into book_in_library (book_id, school_id, no_of_copies_in_library, last_update) values (47, 1, 10, '2009-11-12 21:14:54');
insert into book_in_library (book_id, school_id, no_of_copies_in_library, last_update) values (74, 1, 11, '2006-05-31 06:58:26');
insert into book_in_library (book_id, school_id, no_of_copies_in_library, last_update) values (52, 4, 5, '2011-01-04 05:24:13');
insert into book_in_library (book_id, school_id, no_of_copies_in_library, last_update) values (80, 1, 6, '2003-12-26 06:49:07');
insert into book_in_library (book_id, school_id, no_of_copies_in_library, last_update) values (22, 3, 27, '2011-03-19 11:20:25');
insert into book_in_library (book_id, school_id, no_of_copies_in_library, last_update) values (18, 1, 20, '2000-08-12 13:03:38');
insert into book_in_library (book_id, school_id, no_of_copies_in_library, last_update) values (19, 5, 3, '2021-07-28 18:44:43');
insert into book_in_library (book_id, school_id, no_of_copies_in_library, last_update) values (33, 5, 9, '2020-01-17 20:42:14');
insert into book_in_library (book_id, school_id, no_of_copies_in_library, last_update) values (53, 1, 27, '2013-04-14 01:48:43');
insert into book_in_library (book_id, school_id, no_of_copies_in_library, last_update) values (21, 2, 1, '2000-01-25 02:32:04');
insert into book_in_library (book_id, school_id, no_of_copies_in_library, last_update) values (97, 3, 13, '2011-01-07 06:54:07');
insert into book_in_library (book_id, school_id, no_of_copies_in_library, last_update) values (25, 5, 6, '2003-04-02 18:04:22');
insert into book_in_library (book_id, school_id, no_of_copies_in_library, last_update) values (29, 2, 8, '2018-09-24 05:01:13');
insert into book_in_library (book_id, school_id, no_of_copies_in_library, last_update) values (69, 4, 10, '2022-10-18 04:40:25');
insert into book_in_library (book_id, school_id, no_of_copies_in_library, last_update) values (45, 4, 8, '2022-12-13 02:48:44');
insert into book_in_library (book_id, school_id, no_of_copies_in_library, last_update) values (80, 2, 10, '2007-01-12 07:16:25');
insert into book_in_library (book_id, school_id, no_of_copies_in_library, last_update) values (23, 5, 12, '2009-06-27 22:02:19');
insert into book_in_library (book_id, school_id, no_of_copies_in_library, last_update) values (96, 2, 28, '2017-09-12 08:00:26');
insert into book_in_library (book_id, school_id, no_of_copies_in_library, last_update) values (20, 1, 22, '2016-08-19 14:20:32');
insert into book_in_library (book_id, school_id, no_of_copies_in_library, last_update) values (5, 3, 20, '2002-01-12 05:09:15');
insert into book_in_library (book_id, school_id, no_of_copies_in_library, last_update) values (8, 1, 30, '2019-04-24 09:00:34');
insert into book_in_library (book_id, school_id, no_of_copies_in_library, last_update) values (68, 1, 22, '2012-05-07 13:48:48');
insert into book_in_library (book_id, school_id, no_of_copies_in_library, last_update) values (17, 3, 7, '2016-05-11 01:38:43');
insert into book_in_library (book_id, school_id, no_of_copies_in_library, last_update) values (77, 4, 13, '2017-05-23 17:10:08');
insert into book_in_library (book_id, school_id, no_of_copies_in_library, last_update) values (35, 5, 14, '2011-02-12 11:57:46');
insert into book_in_library (book_id, school_id, no_of_copies_in_library, last_update) values (67, 3, 3, '2011-04-02 00:56:59');
insert into book_in_library (book_id, school_id, no_of_copies_in_library, last_update) values (1, 5, 18, '2016-05-29 19:03:44');
insert into book_in_library (book_id, school_id, no_of_copies_in_library, last_update) values (60, 3, 15, '2021-12-11 15:51:14');
insert into book_in_library (book_id, school_id, no_of_copies_in_library, last_update) values (88, 5, 27, '2018-12-20 21:19:52');
insert into book_in_library (book_id, school_id, no_of_copies_in_library, last_update) values (83, 5, 6, '2007-12-19 07:28:29');
insert into book_in_library (book_id, school_id, no_of_copies_in_library, last_update) values (21, 5, 14, '2020-11-13 23:09:27');
insert into book_in_library (book_id, school_id, no_of_copies_in_library, last_update) values (53, 5, 15, '2002-01-13 16:32:39');
insert into book_in_library (book_id, school_id, no_of_copies_in_library, last_update) values (48, 3, 14, '2007-01-14 00:24:04');
insert into book_in_library (book_id, school_id, no_of_copies_in_library, last_update) values (68, 4, 13, '2011-10-03 16:26:34');
insert into book_in_library (book_id, school_id, no_of_copies_in_library, last_update) values (64, 2, 5, '2002-09-14 13:47:57');
insert into book_in_library (book_id, school_id, no_of_copies_in_library, last_update) values (41, 2, 7, '2013-08-17 09:23:25');
insert into book_in_library (book_id, school_id, no_of_copies_in_library, last_update) values (83, 3, 3, '2019-02-07 18:55:28');
insert into book_in_library (book_id, school_id, no_of_copies_in_library, last_update) values (45, 5, 2, '2004-12-18 07:28:43');
insert into book_in_library (book_id, school_id, no_of_copies_in_library, last_update) values (66, 5, 15, '2008-04-28 07:50:48');
insert into book_in_library (book_id, school_id, no_of_copies_in_library, last_update) values (80, 2, 5, '2005-02-02 03:07:54');
insert into book_in_library (book_id, school_id, no_of_copies_in_library, last_update) values (13, 3, 6, '2008-07-10 06:18:04');
insert into book_in_library (book_id, school_id, no_of_copies_in_library, last_update) values (4, 5, 18, '2013-05-16 08:33:23');
insert into book_in_library (book_id, school_id, no_of_copies_in_library, last_update) values (1, 4, 10, '2011-03-17 10:27:53');
insert into book_in_library (book_id, school_id, no_of_copies_in_library, last_update) values (51, 1, 23, '2005-08-14 02:05:12');
insert into book_in_library (book_id, school_id, no_of_copies_in_library, last_update) values (56, 1, 10, '2021-07-10 03:44:19');
insert into book_in_library (book_id, school_id, no_of_copies_in_library, last_update) values (74, 4, 19, '2021-05-25 17:30:17');
insert into book_in_library (book_id, school_id, no_of_copies_in_library, last_update) values (32, 5, 23, '2011-07-15 03:02:00');
insert into book_in_library (book_id, school_id, no_of_copies_in_library, last_update) values (6, 1, 6, '2017-05-04 19:24:49');
insert into book_in_library (book_id, school_id, no_of_copies_in_library, last_update) values (56, 3, 21, '2013-06-22 07:33:28');
insert into book_in_library (book_id, school_id, no_of_copies_in_library, last_update) values (42, 3, 10, '2017-04-14 02:54:33');
insert into book_in_library (book_id, school_id, no_of_copies_in_library, last_update) values (65, 4, 29, '2016-02-05 22:16:22');
insert into book_in_library (book_id, school_id, no_of_copies_in_library, last_update) values (82, 5, 29, '2001-07-29 14:17:43');
insert into book_in_library (book_id, school_id, no_of_copies_in_library, last_update) values (53, 4, 18, '2001-01-11 21:06:27');
insert into book_in_library (book_id, school_id, no_of_copies_in_library, last_update) values (6, 5, 22, '2003-03-01 07:43:43');
insert into book_in_library (book_id, school_id, no_of_copies_in_library, last_update) values (52, 5, 18, '2000-12-29 05:50:32');
insert into book_in_library (book_id, school_id, no_of_copies_in_library, last_update) values (80, 1, 7, '2013-12-01 11:01:34');
insert into book_in_library (book_id, school_id, no_of_copies_in_library, last_update) values (89, 2, 14, '2000-06-20 05:47:36');
insert into book_in_library (book_id, school_id, no_of_copies_in_library, last_update) values (40, 1, 8, '2016-10-07 09:31:46');
insert into book_in_library (book_id, school_id, no_of_copies_in_library, last_update) values (97, 4, 19, '2013-04-21 06:12:05');
insert into book_in_library (book_id, school_id, no_of_copies_in_library, last_update) values (46, 2, 28, '2021-01-28 03:16:54');
insert into book_in_library (book_id, school_id, no_of_copies_in_library, last_update) values (100, 3, 24, '2002-01-02 23:26:02');
insert into book_in_library (book_id, school_id, no_of_copies_in_library, last_update) values (90, 4, 9, '2002-09-16 07:55:57');
insert into book_in_library (book_id, school_id, no_of_copies_in_library, last_update) values (71, 4, 22, '2003-03-25 15:43:43');
insert into book_in_library (book_id, school_id, no_of_copies_in_library, last_update) values (94, 4, 27, '2021-09-24 03:52:19');
insert into book_in_library (book_id, school_id, no_of_copies_in_library, last_update) values (1, 1, 16, '2010-04-24 13:13:43');
insert into book_in_library (book_id, school_id, no_of_copies_in_library, last_update) values (19, 1, 15, '2003-04-01 22:38:38');
insert into book_in_library (book_id, school_id, no_of_copies_in_library, last_update) values (92, 4, 10, '2002-07-26 23:33:08');
insert into book_in_library (book_id, school_id, no_of_copies_in_library, last_update) values (83, 2, 27, '2002-12-10 12:53:51');
insert into book_in_library (book_id, school_id, no_of_copies_in_library, last_update) values (49, 2, 3, '2018-10-08 11:30:02');
insert into book_in_library (book_id, school_id, no_of_copies_in_library, last_update) values (9, 5, 27, '2022-09-26 23:59:50');
insert into book_in_library (book_id, school_id, no_of_copies_in_library, last_update) values (80, 1, 16, '2005-01-18 22:34:53');
insert into book_in_library (book_id, school_id, no_of_copies_in_library, last_update) values (60, 2, 30, '2011-10-20 17:40:08');
insert into book_in_library (book_id, school_id, no_of_copies_in_library, last_update) values (48, 3, 8, '2006-01-06 21:03:09');
insert into book_in_library (book_id, school_id, no_of_copies_in_library, last_update) values (21, 3, 2, '2004-04-14 03:39:55');
insert into book_in_library (book_id, school_id, no_of_copies_in_library, last_update) values (57, 4, 23, '2015-12-07 16:15:33');
insert into book_in_library (book_id, school_id, no_of_copies_in_library, last_update) values (7, 3, 18, '2008-11-11 06:34:15');
insert into book_in_library (book_id, school_id, no_of_copies_in_library, last_update) values (51, 2, 27, '2004-08-14 07:59:05');
insert into book_in_library (book_id, school_id, no_of_copies_in_library, last_update) values (1, 5, 29, '2009-06-19 02:24:10');
insert into book_in_library (book_id, school_id, no_of_copies_in_library, last_update) values (21, 2, 23, '2000-02-08 17:43:12');
insert into book_in_library (book_id, school_id, no_of_copies_in_library, last_update) values (51, 4, 14, '2003-05-16 15:46:33');
insert into book_in_library (book_id, school_id, no_of_copies_in_library, last_update) values (38, 5, 3, '2011-06-04 22:26:14');
insert into book_in_library (book_id, school_id, no_of_copies_in_library, last_update) values (36, 2, 9, '2006-02-05 08:49:31');
insert into book_in_library (book_id, school_id, no_of_copies_in_library, last_update) values (6, 2, 30, '2016-06-24 14:06:03');
insert into book_in_library (book_id, school_id, no_of_copies_in_library, last_update) values (49, 5, 19, '2019-03-15 04:44:00');
insert into book_in_library (book_id, school_id, no_of_copies_in_library, last_update) values (5, 1, 4, '2008-07-14 09:07:47');
insert into book_in_library (book_id, school_id, no_of_copies_in_library, last_update) values (90, 4, 14, '2002-10-15 16:16:03');
insert into book_in_library (book_id, school_id, no_of_copies_in_library, last_update) values (93, 4, 19, '2010-01-24 06:01:19');
insert into book_in_library (book_id, school_id, no_of_copies_in_library, last_update) values (25, 1, 15, '2019-05-22 19:23:45');
insert into book_in_library (book_id, school_id, no_of_copies_in_library, last_update) values (87, 1, 13, '2009-02-20 11:41:05');
insert into book_in_library (book_id, school_id, no_of_copies_in_library, last_update) values (63, 3, 13, '2002-10-28 14:59:54');
insert into book_in_library (book_id, school_id, no_of_copies_in_library, last_update) values (77, 2, 14, '2014-07-02 03:17:40');
insert into book_in_library (book_id, school_id, no_of_copies_in_library, last_update) values (90, 4, 13, '2005-03-23 08:36:12');
insert into book_in_library (book_id, school_id, no_of_copies_in_library, last_update) values (81, 4, 16, '2010-10-13 12:48:17');
insert into book_in_library (book_id, school_id, no_of_copies_in_library, last_update) values (83, 5, 9, '2010-03-10 19:04:27');
insert into book_in_library (book_id, school_id, no_of_copies_in_library, last_update) values (82, 3, 21, '2000-04-13 00:17:54');
insert into book_in_library (book_id, school_id, no_of_copies_in_library, last_update) values (83, 4, 21, '2021-09-08 16:56:27');
insert into book_in_library (book_id, school_id, no_of_copies_in_library, last_update) values (65, 3, 6, '2016-05-10 13:21:37');
insert into book_in_library (book_id, school_id, no_of_copies_in_library, last_update) values (23, 2, 27, '2004-02-03 18:49:10');
insert into book_in_library (book_id, school_id, no_of_copies_in_library, last_update) values (79, 3, 17, '2001-03-16 21:38:13');
insert into book_in_library (book_id, school_id, no_of_copies_in_library, last_update) values (15, 3, 19, '2018-05-02 13:47:17');




insert into author (author_id, author_first_name, author_last_name) values (1, 'Stefano', 'Bru');
insert into author (author_id, author_first_name, author_last_name) values (2, 'Davine', 'Engelmann');
insert into author (author_id, author_first_name, author_last_name) values (3, 'Pen', 'Ivakhnov');
insert into author (author_id, author_first_name, author_last_name) values (4, 'Jessa', 'Baden');
insert into author (author_id, author_first_name, author_last_name) values (5, 'Diarmid', 'Simms');
insert into author (author_id, author_first_name, author_last_name) values (6, 'Davie', 'Parres');
insert into author (author_id, author_first_name, author_last_name) values (7, 'Hurley', 'Priestley');
insert into author (author_id, author_first_name, author_last_name) values (8, 'Tommy', 'McCrainor');
insert into author (author_id, author_first_name, author_last_name) values (9, 'Pavia', 'Videan');
insert into author (author_id, author_first_name, author_last_name) values (10, 'Conny', 'Garnar');
insert into author (author_id, author_first_name, author_last_name) values (11, 'Clementina', 'Bellenger');
insert into author (author_id, author_first_name, author_last_name) values (12, 'James', 'Vonasek');
insert into author (author_id, author_first_name, author_last_name) values (13, 'Cchaddie', 'Southerden');
insert into author (author_id, author_first_name, author_last_name) values (14, 'Callean', 'Mullord');
insert into author (author_id, author_first_name, author_last_name) values (15, 'Barbette', 'Simonitto');
insert into author (author_id, author_first_name, author_last_name) values (16, 'Meghann', 'Delacote');
insert into author (author_id, author_first_name, author_last_name) values (17, 'Joanna', 'Posselwhite');
insert into author (author_id, author_first_name, author_last_name) values (18, 'Fiona', 'Evetts');
insert into author (author_id, author_first_name, author_last_name) values (19, 'Ansel', 'Quincey');
insert into author (author_id, author_first_name, author_last_name) values (20, 'Richart', 'Bodesson');
insert into author (author_id, author_first_name, author_last_name) values (21, 'Ardene', 'Brain');
insert into author (author_id, author_first_name, author_last_name) values (22, 'Gabie', 'Longbone');
insert into author (author_id, author_first_name, author_last_name) values (23, 'Hugo', 'Ploughwright');
insert into author (author_id, author_first_name, author_last_name) values (24, 'Petr', 'Bantick');
insert into author (author_id, author_first_name, author_last_name) values (25, 'Bondie', 'Burgen');
insert into author (author_id, author_first_name, author_last_name) values (26, 'Ileana', 'Undrell');
insert into author (author_id, author_first_name, author_last_name) values (27, 'Siana', 'Meeron');
insert into author (author_id, author_first_name, author_last_name) values (28, 'Shaylynn', 'Adcocks');
insert into author (author_id, author_first_name, author_last_name) values (29, 'Lorne', 'Pilkington');
insert into author (author_id, author_first_name, author_last_name) values (30, 'Isabelle', 'Dearden');
insert into author (author_id, author_first_name, author_last_name) values (31, 'Sharity', 'Rafferty');
insert into author (author_id, author_first_name, author_last_name) values (32, 'Shea', 'Sawforde');
insert into author (author_id, author_first_name, author_last_name) values (33, 'Annora', 'Crecy');
insert into author (author_id, author_first_name, author_last_name) values (34, 'Wilmer', 'Llewellyn');
insert into author (author_id, author_first_name, author_last_name) values (35, 'Frederica', 'Kuhn');
insert into author (author_id, author_first_name, author_last_name) values (36, 'Hephzibah', 'Dudmesh');
insert into author (author_id, author_first_name, author_last_name) values (37, 'Seward', 'Caulfield');
insert into author (author_id, author_first_name, author_last_name) values (38, 'Horatius', 'Sales');
insert into author (author_id, author_first_name, author_last_name) values (39, 'Garry', 'Seger');
insert into author (author_id, author_first_name, author_last_name) values (40, 'Drud', 'O''Fairy');



insert into book_author (author_id, book_id) values (32, 91);
insert into book_author (author_id, book_id) values (32, 88);
insert into book_author (author_id, book_id) values (32, 3);
insert into book_author (author_id, book_id) values (32, 2);
insert into book_author (author_id, book_id) values (32, 9);
insert into book_author (author_id, book_id) values (32, 55);
insert into book_author (author_id, book_id) values (32, 44);
insert into book_author (author_id, book_id) values (32, 31);
insert into book_author (author_id, book_id) values (36, 16);
insert into book_author (author_id, book_id) values (37, 32);
insert into book_author (author_id, book_id) values (7, 52);
insert into book_author (author_id, book_id) values (33, 4);
insert into book_author (author_id, book_id) values (39, 32);
insert into book_author (author_id, book_id) values (35, 40);
insert into book_author (author_id, book_id) values (29, 44);
insert into book_author (author_id, book_id) values (24, 64);
insert into book_author (author_id, book_id) values (7, 73);
insert into book_author (author_id, book_id) values (8, 91);
insert into book_author (author_id, book_id) values (16, 35);
insert into book_author (author_id, book_id) values (22, 64);
insert into book_author (author_id, book_id) values (22, 50);
insert into book_author (author_id, book_id) values (14, 52);
insert into book_author (author_id, book_id) values (8, 51);
insert into book_author (author_id, book_id) values (35, 9);
insert into book_author (author_id, book_id) values (22, 61);
insert into book_author (author_id, book_id) values (17, 24);
insert into book_author (author_id, book_id) values (32, 86);
insert into book_author (author_id, book_id) values (20, 7);
insert into book_author (author_id, book_id) values (13, 46);
insert into book_author (author_id, book_id) values (39, 99);
insert into book_author (author_id, book_id) values (40, 39);
insert into book_author (author_id, book_id) values (27, 50);
insert into book_author (author_id, book_id) values (26, 75);
insert into book_author (author_id, book_id) values (34, 74);
insert into book_author (author_id, book_id) values (31, 41);
insert into book_author (author_id, book_id) values (19, 16);
insert into book_author (author_id, book_id) values (12, 65);
insert into book_author (author_id, book_id) values (32, 51);
insert into book_author (author_id, book_id) values (38, 97);
insert into book_author (author_id, book_id) values (24, 91);
insert into book_author (author_id, book_id) values (8, 81);
insert into book_author (author_id, book_id) values (7, 72);
insert into book_author (author_id, book_id) values (19, 40);
insert into book_author (author_id, book_id) values (7, 53);
insert into book_author (author_id, book_id) values (3, 9);
insert into book_author (author_id, book_id) values (36, 30);
insert into book_author (author_id, book_id) values (26, 1);
insert into book_author (author_id, book_id) values (30, 69);
insert into book_author (author_id, book_id) values (25, 75);
insert into book_author (author_id, book_id) values (25, 61);
insert into book_author (author_id, book_id) values (2, 20);
insert into book_author (author_id, book_id) values (23, 14);
insert into book_author (author_id, book_id) values (4, 81);
insert into book_author (author_id, book_id) values (37, 45);
insert into book_author (author_id, book_id) values (22, 37);
insert into book_author (author_id, book_id) values (4, 67);
insert into book_author (author_id, book_id) values (19, 44);
insert into book_author (author_id, book_id) values (39, 62);
insert into book_author (author_id, book_id) values (22, 45);
insert into book_author (author_id, book_id) values (28, 58);
insert into book_author (author_id, book_id) values (2, 12);
insert into book_author (author_id, book_id) values (35, 82);
insert into book_author (author_id, book_id) values (5, 58);
insert into book_author (author_id, book_id) values (20, 21);
insert into book_author (author_id, book_id) values (19, 90);
insert into book_author (author_id, book_id) values (13, 68);
insert into book_author (author_id, book_id) values (20, 43);
insert into book_author (author_id, book_id) values (22, 70);
insert into book_author (author_id, book_id) values (4, 71);
insert into book_author (author_id, book_id) values (6, 40);
insert into book_author (author_id, book_id) values (23, 41);
insert into book_author (author_id, book_id) values (39, 72);
insert into book_author (author_id, book_id) values (40, 11);
insert into book_author (author_id, book_id) values (10, 34);
insert into book_author (author_id, book_id) values (37, 44);
insert into book_author (author_id, book_id) values (32, 81);
insert into book_author (author_id, book_id) values (40, 79);
insert into book_author (author_id, book_id) values (29, 6);
insert into book_author (author_id, book_id) values (26, 80);
insert into book_author (author_id, book_id) values (17, 15);
insert into book_author (author_id, book_id) values (17, 49);
insert into book_author (author_id, book_id) values (15, 21);
insert into book_author (author_id, book_id) values (21, 60);
insert into book_author (author_id, book_id) values (35, 60);
insert into book_author (author_id, book_id) values (8, 82);
insert into book_author (author_id, book_id) values (13, 93);
insert into book_author (author_id, book_id) values (40, 68);
insert into book_author (author_id, book_id) values (39, 65);
insert into book_author (author_id, book_id) values (5, 3);
insert into book_author (author_id, book_id) values (32, 43);
insert into book_author (author_id, book_id) values (14, 64);
insert into book_author (author_id, book_id) values (6, 14);
insert into book_author (author_id, book_id) values (5, 35);
insert into book_author (author_id, book_id) values (18, 19);
insert into book_author (author_id, book_id) values (18, 57);
insert into book_author (author_id, book_id) values (13, 76);
insert into book_author (author_id, book_id) values (28, 5);
insert into book_author (author_id, book_id) values (16, 72);
insert into book_author (author_id, book_id) values (35, 95);
insert into book_author (author_id, book_id) values (16, 14);
insert into book_author (author_id, book_id) values (2, 87);
insert into book_author (author_id, book_id) values (33, 44);
insert into book_author (author_id, book_id) values (20, 10);
insert into book_author (author_id, book_id) values (38, 16);
insert into book_author (author_id, book_id) values (27, 55);
insert into book_author (author_id, book_id) values (10, 2);
insert into book_author (author_id, book_id) values (30, 46);
insert into book_author (author_id, book_id) values (21, 7);
insert into book_author (author_id, book_id) values (26, 28);
insert into book_author (author_id, book_id) values (32, 27);
insert into book_author (author_id, book_id) values (31, 86);
insert into book_author (author_id, book_id) values (23, 1);
insert into book_author (author_id, book_id) values (26, 100);
insert into book_author (author_id, book_id) values (28, 4);
insert into book_author (author_id, book_id) values (36, 55);
insert into book_author (author_id, book_id) values (11, 47);
insert into book_author (author_id, book_id) values (13, 8);
insert into book_author (author_id, book_id) values (39, 2);
insert into book_author (author_id, book_id) values (4, 98);
insert into book_author (author_id, book_id) values (17, 33);
insert into book_author (author_id, book_id) values (25, 22);
insert into book_author (author_id, book_id) values (4, 93);
insert into book_author (author_id, book_id) values (33, 11);
insert into book_author (author_id, book_id) values (6, 3);
insert into book_author (author_id, book_id) values (7, 40);
insert into book_author (author_id, book_id) values (10, 42);
insert into book_author (author_id, book_id) values (2, 96);
insert into book_author (author_id, book_id) values (38, 30);
insert into book_author (author_id, book_id) values (25, 26);
insert into book_author (author_id, book_id) values (40, 41);
insert into book_author (author_id, book_id) values (1, 61);
insert into book_author (author_id, book_id) values (26, 28);
insert into book_author (author_id, book_id) values (24, 24);
insert into book_author (author_id, book_id) values (6, 27);
insert into book_author (author_id, book_id) values (24, 90);
insert into book_author (author_id, book_id) values (17, 80);
insert into book_author (author_id, book_id) values (3, 46);
insert into book_author (author_id, book_id) values (30, 15);
insert into book_author (author_id, book_id) values (38, 39);
insert into book_author (author_id, book_id) values (12, 87);
insert into book_author (author_id, book_id) values (17, 54);
insert into book_author (author_id, book_id) values (9, 47);
insert into book_author (author_id, book_id) values (26, 71);
insert into book_author (author_id, book_id) values (25, 2);
insert into book_author (author_id, book_id) values (1, 80);
insert into book_author (author_id, book_id) values (1, 11);
insert into book_author (author_id, book_id) values (19, 91);
insert into book_author (author_id, book_id) values (24, 51);
insert into book_author (author_id, book_id) values (12, 80);
insert into book_author (author_id, book_id) values (29, 87);
insert into book_author (author_id, book_id) values (6, 49);
insert into book_author (author_id, book_id) values (12, 100);
insert into book_author (author_id, book_id) values (2, 19);
insert into book_author (author_id, book_id) values (38, 55);
insert into book_author (author_id, book_id) values (10, 67);
insert into book_author (author_id, book_id) values (30, 61);
insert into book_author (author_id, book_id) values (34, 25);
insert into book_author (author_id, book_id) values (14, 37);
insert into book_author (author_id, book_id) values (23, 88);
insert into book_author (author_id, book_id) values (19, 91);
insert into book_author (author_id, book_id) values (9, 62);
insert into book_author (author_id, book_id) values (15, 42);
insert into book_author (author_id, book_id) values (22, 68);
insert into book_author (author_id, book_id) values (21, 5);
insert into book_author (author_id, book_id) values (36, 75);
insert into book_author (author_id, book_id) values (36, 74);
insert into book_author (author_id, book_id) values (19, 53);
insert into book_author (author_id, book_id) values (34, 43);
insert into book_author (author_id, book_id) values (18, 18);
insert into book_author (author_id, book_id) values (7, 42);
insert into book_author (author_id, book_id) values (24, 4);
insert into book_author (author_id, book_id) values (1, 74);
insert into book_author (author_id, book_id) values (33, 24);
insert into book_author (author_id, book_id) values (37, 32);
insert into book_author (author_id, book_id) values (38, 67);
insert into book_author (author_id, book_id) values (39, 39);
insert into book_author (author_id, book_id) values (33, 69);
insert into book_author (author_id, book_id) values (1, 41);
insert into book_author (author_id, book_id) values (39, 64);
insert into book_author (author_id, book_id) values (4, 39);
insert into book_author (author_id, book_id) values (16, 90);
insert into book_author (author_id, book_id) values (40, 43);
insert into book_author (author_id, book_id) values (21, 70);
insert into book_author (author_id, book_id) values (33, 39);
insert into book_author (author_id, book_id) values (37, 91);
insert into book_author (author_id, book_id) values (10, 59);
insert into book_author (author_id, book_id) values (19, 52);
insert into book_author (author_id, book_id) values (4, 29);
insert into book_author (author_id, book_id) values (2, 26);
insert into book_author (author_id, book_id) values (18, 66);
insert into book_author (author_id, book_id) values (40, 100);
insert into book_author (author_id, book_id) values (22, 66);
insert into book_author (author_id, book_id) values (20, 100);
insert into book_author (author_id, book_id) values (14, 66);
insert into book_author (author_id, book_id) values (35, 50);
insert into book_author (author_id, book_id) values (15, 75);
insert into book_author (author_id, book_id) values (12, 71);
insert into book_author (author_id, book_id) values (12, 47);
insert into book_author (author_id, book_id) values (18, 82);
insert into book_author (author_id, book_id) values (28, 87);
insert into book_author (author_id, book_id) values (29, 76);
insert into book_author (author_id, book_id) values (22, 60);
insert into book_author (author_id, book_id) values (16, 54);
insert into book_author (author_id, book_id) values (33, 93);
insert into book_author (author_id, book_id) values (17, 2);
insert into book_author (author_id, book_id) values (28, 95);
insert into book_author (author_id, book_id) values (11, 92);
insert into book_author (author_id, book_id) values (37, 44);
insert into book_author (author_id, book_id) values (35, 68);
insert into book_author (author_id, book_id) values (38, 90);
insert into book_author (author_id, book_id) values (11, 49);
insert into book_author (author_id, book_id) values (19, 14);
insert into book_author (author_id, book_id) values (2, 45);
insert into book_author (author_id, book_id) values (29, 56);
insert into book_author (author_id, book_id) values (38, 57);
insert into book_author (author_id, book_id) values (28, 89);
insert into book_author (author_id, book_id) values (35, 12);
insert into book_author (author_id, book_id) values (39, 26);
insert into book_author (author_id, book_id) values (32, 95);
insert into book_author (author_id, book_id) values (29, 65);
insert into book_author (author_id, book_id) values (4, 89);
insert into book_author (author_id, book_id) values (26, 9);
insert into book_author (author_id, book_id) values (19, 63);
insert into book_author (author_id, book_id) values (36, 7);
insert into book_author (author_id, book_id) values (28, 68);
insert into book_author (author_id, book_id) values (7, 48);
insert into book_author (author_id, book_id) values (15, 43);
insert into book_author (author_id, book_id) values (12, 96);
insert into book_author (author_id, book_id) values (33, 1);
insert into book_author (author_id, book_id) values (2, 26);
insert into book_author (author_id, book_id) values (10, 93);
insert into book_author (author_id, book_id) values (25, 38);
insert into book_author (author_id, book_id) values (31, 42);
insert into book_author (author_id, book_id) values (14, 43);
insert into book_author (author_id, book_id) values (31, 18);
insert into book_author (author_id, book_id) values (22, 61);
insert into book_author (author_id, book_id) values (14, 31);
insert into book_author (author_id, book_id) values (15, 74);
insert into book_author (author_id, book_id) values (12, 49);
insert into book_author (author_id, book_id) values (28, 40);
insert into book_author (author_id, book_id) values (26, 51);
insert into book_author (author_id, book_id) values (37, 100);
insert into book_author (author_id, book_id) values (27, 85);
insert into book_author (author_id, book_id) values (2, 85);
insert into book_author (author_id, book_id) values (33, 48);
insert into book_author (author_id, book_id) values (5, 85);
insert into book_author (author_id, book_id) values (8, 43);



insert into keywords (keyword_id, keyword) values (1, 'benchmark');
insert into keywords (keyword_id, keyword) values (2, 'forecast');
insert into keywords (keyword_id, keyword) values (3, 'Multi-lateral');
insert into keywords (keyword_id, keyword) values (4, 'open architecture');
insert into keywords (keyword_id, keyword) values (5, 'middleware');
insert into keywords (keyword_id, keyword) values (6, 'artificial intelligence');
insert into keywords (keyword_id, keyword) values (7, 'monitoring');
insert into keywords (keyword_id, keyword) values (8, 'toolset');
insert into keywords (keyword_id, keyword) values (9, 'transitional');
insert into keywords (keyword_id, keyword) values (10, 'system-worthy');
insert into keywords (keyword_id, keyword) values (11, 'needs-based');
insert into keywords (keyword_id, keyword) values (12, 'productivity');
insert into keywords (keyword_id, keyword) values (13, 'open architecture');
insert into keywords (keyword_id, keyword) values (14, 'grid-enabled');
insert into keywords (keyword_id, keyword) values (15, 'concept');
insert into keywords (keyword_id, keyword) values (16, 'interactive');
insert into keywords (keyword_id, keyword) values (17, 'Business-focused');
insert into keywords (keyword_id, keyword) values (18, 'composite');
insert into keywords (keyword_id, keyword) values (19, 'responsive');
insert into keywords (keyword_id, keyword) values (20, 'Compatible');
insert into keywords (keyword_id, keyword) values (21, 'User-friendly');
insert into keywords (keyword_id, keyword) values (22, 'multi-state');
insert into keywords (keyword_id, keyword) values (23, 'migration');
insert into keywords (keyword_id, keyword) values (24, 'modular');
insert into keywords (keyword_id, keyword) values (25, 'local');
insert into keywords (keyword_id, keyword) values (26, 'system engine');
insert into keywords (keyword_id, keyword) values (27, 'Sharable');
insert into keywords (keyword_id, keyword) values (28, 'Assimilated');
insert into keywords (keyword_id, keyword) values (29, 'asynchronous');
insert into keywords (keyword_id, keyword) values (30, 'circuit');






insert into book_keywords (keyword_id, book_id) values (16, 84);
insert into book_keywords (keyword_id, book_id) values (17, 54);
insert into book_keywords (keyword_id, book_id) values (14, 54);
insert into book_keywords (keyword_id, book_id) values (23, 10);
insert into book_keywords (keyword_id, book_id) values (5, 33);
insert into book_keywords (keyword_id, book_id) values (27, 65);
insert into book_keywords (keyword_id, book_id) values (5, 90);
insert into book_keywords (keyword_id, book_id) values (11, 94);
insert into book_keywords (keyword_id, book_id) values (5, 72);
insert into book_keywords (keyword_id, book_id) values (10, 35);
insert into book_keywords (keyword_id, book_id) values (25, 25);
insert into book_keywords (keyword_id, book_id) values (14, 70);
insert into book_keywords (keyword_id, book_id) values (28, 7);
insert into book_keywords (keyword_id, book_id) values (2, 38);
insert into book_keywords (keyword_id, book_id) values (29, 81);
insert into book_keywords (keyword_id, book_id) values (11, 46);
insert into book_keywords (keyword_id, book_id) values (8, 64);
insert into book_keywords (keyword_id, book_id) values (12, 28);
insert into book_keywords (keyword_id, book_id) values (3, 6);
insert into book_keywords (keyword_id, book_id) values (3, 72);
insert into book_keywords (keyword_id, book_id) values (18, 100);
insert into book_keywords (keyword_id, book_id) values (28, 47);
insert into book_keywords (keyword_id, book_id) values (8, 83);
insert into book_keywords (keyword_id, book_id) values (23, 12);
insert into book_keywords (keyword_id, book_id) values (22, 24);
insert into book_keywords (keyword_id, book_id) values (10, 33);
insert into book_keywords (keyword_id, book_id) values (18, 96);
insert into book_keywords (keyword_id, book_id) values (19, 35);
insert into book_keywords (keyword_id, book_id) values (29, 52);
insert into book_keywords (keyword_id, book_id) values (24, 88);
insert into book_keywords (keyword_id, book_id) values (5, 14);
insert into book_keywords (keyword_id, book_id) values (12, 30);
insert into book_keywords (keyword_id, book_id) values (30, 6);
insert into book_keywords (keyword_id, book_id) values (6, 27);
insert into book_keywords (keyword_id, book_id) values (11, 15);
insert into book_keywords (keyword_id, book_id) values (24, 99);
insert into book_keywords (keyword_id, book_id) values (2, 58);
insert into book_keywords (keyword_id, book_id) values (18, 72);
insert into book_keywords (keyword_id, book_id) values (14, 6);
insert into book_keywords (keyword_id, book_id) values (2, 80);
insert into book_keywords (keyword_id, book_id) values (30, 47);
insert into book_keywords (keyword_id, book_id) values (10, 21);
insert into book_keywords (keyword_id, book_id) values (4, 4);
insert into book_keywords (keyword_id, book_id) values (26, 50);
insert into book_keywords (keyword_id, book_id) values (19, 37);
insert into book_keywords (keyword_id, book_id) values (25, 78);
insert into book_keywords (keyword_id, book_id) values (17, 92);
insert into book_keywords (keyword_id, book_id) values (20, 54);
insert into book_keywords (keyword_id, book_id) values (20, 68);
insert into book_keywords (keyword_id, book_id) values (30, 20);
insert into book_keywords (keyword_id, book_id) values (15, 30);
insert into book_keywords (keyword_id, book_id) values (7, 45);
insert into book_keywords (keyword_id, book_id) values (5, 100);
insert into book_keywords (keyword_id, book_id) values (27, 94);
insert into book_keywords (keyword_id, book_id) values (17, 23);
insert into book_keywords (keyword_id, book_id) values (27, 85);
insert into book_keywords (keyword_id, book_id) values (28, 52);
insert into book_keywords (keyword_id, book_id) values (4, 64);
insert into book_keywords (keyword_id, book_id) values (13, 37);
insert into book_keywords (keyword_id, book_id) values (30, 80);
insert into book_keywords (keyword_id, book_id) values (20, 1);
insert into book_keywords (keyword_id, book_id) values (8, 37);
insert into book_keywords (keyword_id, book_id) values (8, 98);
insert into book_keywords (keyword_id, book_id) values (8, 46);
insert into book_keywords (keyword_id, book_id) values (13, 2);
insert into book_keywords (keyword_id, book_id) values (25, 19);
insert into book_keywords (keyword_id, book_id) values (19, 20);
insert into book_keywords (keyword_id, book_id) values (25, 7);
insert into book_keywords (keyword_id, book_id) values (25, 87);
insert into book_keywords (keyword_id, book_id) values (15, 48);
insert into book_keywords (keyword_id, book_id) values (2, 10);
insert into book_keywords (keyword_id, book_id) values (11, 37);
insert into book_keywords (keyword_id, book_id) values (7, 89);
insert into book_keywords (keyword_id, book_id) values (21, 16);
insert into book_keywords (keyword_id, book_id) values (25, 82);
insert into book_keywords (keyword_id, book_id) values (25, 36);
insert into book_keywords (keyword_id, book_id) values (25, 44);
insert into book_keywords (keyword_id, book_id) values (25, 89);
insert into book_keywords (keyword_id, book_id) values (22, 54);
insert into book_keywords (keyword_id, book_id) values (8, 91);
insert into book_keywords (keyword_id, book_id) values (18, 84);
insert into book_keywords (keyword_id, book_id) values (9, 53);
insert into book_keywords (keyword_id, book_id) values (26, 56);
insert into book_keywords (keyword_id, book_id) values (20, 18);
insert into book_keywords (keyword_id, book_id) values (21, 49);
insert into book_keywords (keyword_id, book_id) values (24, 95);
insert into book_keywords (keyword_id, book_id) values (21, 15);
insert into book_keywords (keyword_id, book_id) values (3, 80);
insert into book_keywords (keyword_id, book_id) values (11, 90);
insert into book_keywords (keyword_id, book_id) values (23, 18);
insert into book_keywords (keyword_id, book_id) values (14, 47);
insert into book_keywords (keyword_id, book_id) values (22, 17);
insert into book_keywords (keyword_id, book_id) values (15, 37);
insert into book_keywords (keyword_id, book_id) values (14, 94);
insert into book_keywords (keyword_id, book_id) values (8, 53);
insert into book_keywords (keyword_id, book_id) values (14, 69);
insert into book_keywords (keyword_id, book_id) values (5, 43);
insert into book_keywords (keyword_id, book_id) values (23, 37);
insert into book_keywords (keyword_id, book_id) values (13, 67);
insert into book_keywords (keyword_id, book_id) values (21, 65);
insert into book_keywords (keyword_id, book_id) values (5, 65);
insert into book_keywords (keyword_id, book_id) values (21, 64);
insert into book_keywords (keyword_id, book_id) values (24, 52);
insert into book_keywords (keyword_id, book_id) values (15, 59);
insert into book_keywords (keyword_id, book_id) values (25, 53);
insert into book_keywords (keyword_id, book_id) values (18, 50);
insert into book_keywords (keyword_id, book_id) values (21, 99);
insert into book_keywords (keyword_id, book_id) values (20, 65);
insert into book_keywords (keyword_id, book_id) values (20, 94);
insert into book_keywords (keyword_id, book_id) values (4, 41);
insert into book_keywords (keyword_id, book_id) values (16, 21);
insert into book_keywords (keyword_id, book_id) values (18, 76);
insert into book_keywords (keyword_id, book_id) values (20, 84);
insert into book_keywords (keyword_id, book_id) values (7, 37);
insert into book_keywords (keyword_id, book_id) values (27, 17);
insert into book_keywords (keyword_id, book_id) values (1, 14);
insert into book_keywords (keyword_id, book_id) values (2, 63);
insert into book_keywords (keyword_id, book_id) values (8, 19);
insert into book_keywords (keyword_id, book_id) values (14, 11);
insert into book_keywords (keyword_id, book_id) values (11, 85);
insert into book_keywords (keyword_id, book_id) values (10, 30);
insert into book_keywords (keyword_id, book_id) values (6, 55);
insert into book_keywords (keyword_id, book_id) values (7, 23);
insert into book_keywords (keyword_id, book_id) values (6, 38);
insert into book_keywords (keyword_id, book_id) values (20, 66);
insert into book_keywords (keyword_id, book_id) values (9, 4);
insert into book_keywords (keyword_id, book_id) values (8, 11);
insert into book_keywords (keyword_id, book_id) values (12, 39);
insert into book_keywords (keyword_id, book_id) values (28, 73);
insert into book_keywords (keyword_id, book_id) values (25, 48);
insert into book_keywords (keyword_id, book_id) values (4, 11);
insert into book_keywords (keyword_id, book_id) values (30, 71);
insert into book_keywords (keyword_id, book_id) values (16, 96);
insert into book_keywords (keyword_id, book_id) values (11, 7);
insert into book_keywords (keyword_id, book_id) values (27, 64);
insert into book_keywords (keyword_id, book_id) values (5, 51);
insert into book_keywords (keyword_id, book_id) values (20, 76);
insert into book_keywords (keyword_id, book_id) values (27, 78);
insert into book_keywords (keyword_id, book_id) values (6, 62);
insert into book_keywords (keyword_id, book_id) values (26, 80);
insert into book_keywords (keyword_id, book_id) values (5, 10);
insert into book_keywords (keyword_id, book_id) values (3, 35);
insert into book_keywords (keyword_id, book_id) values (14, 34);
insert into book_keywords (keyword_id, book_id) values (18, 94);
insert into book_keywords (keyword_id, book_id) values (19, 96);
insert into book_keywords (keyword_id, book_id) values (1, 6);
insert into book_keywords (keyword_id, book_id) values (2, 73);
insert into book_keywords (keyword_id, book_id) values (22, 61);
insert into book_keywords (keyword_id, book_id) values (27, 16);
insert into book_keywords (keyword_id, book_id) values (23, 41);
insert into book_keywords (keyword_id, book_id) values (29, 35);
insert into book_keywords (keyword_id, book_id) values (1, 13);
insert into book_keywords (keyword_id, book_id) values (18, 95);
insert into book_keywords (keyword_id, book_id) values (18, 72);
insert into book_keywords (keyword_id, book_id) values (16, 77);
insert into book_keywords (keyword_id, book_id) values (7, 32);
insert into book_keywords (keyword_id, book_id) values (4, 80);
insert into book_keywords (keyword_id, book_id) values (27, 15);
insert into book_keywords (keyword_id, book_id) values (3, 87);
insert into book_keywords (keyword_id, book_id) values (5, 100);
insert into book_keywords (keyword_id, book_id) values (19, 11);
insert into book_keywords (keyword_id, book_id) values (27, 33);
insert into book_keywords (keyword_id, book_id) values (30, 87);
insert into book_keywords (keyword_id, book_id) values (19, 21);
insert into book_keywords (keyword_id, book_id) values (28, 15);
insert into book_keywords (keyword_id, book_id) values (18, 45);
insert into book_keywords (keyword_id, book_id) values (21, 73);
insert into book_keywords (keyword_id, book_id) values (3, 21);
insert into book_keywords (keyword_id, book_id) values (11, 54);
insert into book_keywords (keyword_id, book_id) values (29, 54);
insert into book_keywords (keyword_id, book_id) values (30, 96);
insert into book_keywords (keyword_id, book_id) values (22, 59);
insert into book_keywords (keyword_id, book_id) values (29, 51);
insert into book_keywords (keyword_id, book_id) values (26, 1);
insert into book_keywords (keyword_id, book_id) values (23, 72);
insert into book_keywords (keyword_id, book_id) values (19, 33);
insert into book_keywords (keyword_id, book_id) values (1, 33);
insert into book_keywords (keyword_id, book_id) values (15, 7);
insert into book_keywords (keyword_id, book_id) values (19, 70);
insert into book_keywords (keyword_id, book_id) values (12, 84);
insert into book_keywords (keyword_id, book_id) values (25, 40);
insert into book_keywords (keyword_id, book_id) values (1, 87);
insert into book_keywords (keyword_id, book_id) values (26, 50);
insert into book_keywords (keyword_id, book_id) values (20, 3);
insert into book_keywords (keyword_id, book_id) values (25, 3);
insert into book_keywords (keyword_id, book_id) values (8, 2);
insert into book_keywords (keyword_id, book_id) values (10, 3);
insert into book_keywords (keyword_id, book_id) values (1, 32);
insert into book_keywords (keyword_id, book_id) values (11, 33);
insert into book_keywords (keyword_id, book_id) values (18, 100);
insert into book_keywords (keyword_id, book_id) values (26, 58);
insert into book_keywords (keyword_id, book_id) values (1, 70);
insert into book_keywords (keyword_id, book_id) values (27, 44);
insert into book_keywords (keyword_id, book_id) values (24, 51);
insert into book_keywords (keyword_id, book_id) values (15, 50);
insert into book_keywords (keyword_id, book_id) values (5, 97);
insert into book_keywords (keyword_id, book_id) values (19, 10);
insert into book_keywords (keyword_id, book_id) values (11, 83);
insert into book_keywords (keyword_id, book_id) values (4, 66);
insert into book_keywords (keyword_id, book_id) values (27, 90);
insert into book_keywords (keyword_id, book_id) values (8, 55);
insert into book_keywords (keyword_id, book_id) values (15, 57);
insert into book_keywords (keyword_id, book_id) values (10, 58);
insert into book_keywords (keyword_id, book_id) values (12, 86);
insert into book_keywords (keyword_id, book_id) values (25, 50);
insert into book_keywords (keyword_id, book_id) values (25, 90);
insert into book_keywords (keyword_id, book_id) values (3, 4);
insert into book_keywords (keyword_id, book_id) values (28, 43);
insert into book_keywords (keyword_id, book_id) values (8, 87);
insert into book_keywords (keyword_id, book_id) values (2, 3);
insert into book_keywords (keyword_id, book_id) values (4, 12);
insert into book_keywords (keyword_id, book_id) values (24, 22);
insert into book_keywords (keyword_id, book_id) values (19, 57);
insert into book_keywords (keyword_id, book_id) values (19, 46);
insert into book_keywords (keyword_id, book_id) values (23, 57);
insert into book_keywords (keyword_id, book_id) values (9, 87);
insert into book_keywords (keyword_id, book_id) values (24, 34);
insert into book_keywords (keyword_id, book_id) values (30, 47);
insert into book_keywords (keyword_id, book_id) values (3, 14);
insert into book_keywords (keyword_id, book_id) values (3, 58);


INSERT INTO category (category_name) VALUES ('Fiction');
INSERT INTO category (category_name) VALUES ('Non-Fiction');
INSERT INTO category (category_name) VALUES ('Biography');
INSERT INTO category (category_name) VALUES ('Fantasy');
INSERT INTO category (category_name) VALUES ('Science Fiction');
INSERT INTO category (category_name) VALUES ('Mystery');
INSERT INTO category (category_name) VALUES ('Romance');
INSERT INTO category (category_name) VALUES ('Historical Fiction');
INSERT INTO category (category_name) VALUES ('Horror');
INSERT INTO category (category_name) VALUES ('Thriller');
INSERT INTO category (category_name) VALUES ('Children''s Literature');
INSERT INTO category (category_name) VALUES ('Young Adult');
INSERT INTO category (category_name) VALUES ('Poetry');
INSERT INTO category (category_name) VALUES ('Graphic Novels');
INSERT INTO category (category_name) VALUES ('Travel');
INSERT INTO category (category_name) VALUES ('Self-Help');
INSERT INTO category (category_name) VALUES ('Business/Finance');
INSERT INTO category (category_name) VALUES ('Cookbooks');
INSERT INTO category (category_name) VALUES ('Science & Technology');
INSERT INTO category (category_name) VALUES ('Art & Photography');


insert into book_category (category_id, book_id) values (1, 86);
insert into book_category (category_id, book_id) values (15, 85);
insert into book_category (category_id, book_id) values (17, 64);
insert into book_category (category_id, book_id) values (1, 84);
insert into book_category (category_id, book_id) values (19, 80);
insert into book_category (category_id, book_id) values (14, 35);
insert into book_category (category_id, book_id) values (2, 70);
insert into book_category (category_id, book_id) values (3, 80);
insert into book_category (category_id, book_id) values (3, 50);
insert into book_category (category_id, book_id) values (4, 27);
insert into book_category (category_id, book_id) values (19, 4);
insert into book_category (category_id, book_id) values (3, 37);
insert into book_category (category_id, book_id) values (2, 31);
insert into book_category (category_id, book_id) values (15, 39);
insert into book_category (category_id, book_id) values (9, 49);
insert into book_category (category_id, book_id) values (12, 65);
insert into book_category (category_id, book_id) values (18, 71);
insert into book_category (category_id, book_id) values (12, 72);
insert into book_category (category_id, book_id) values (20, 44);
insert into book_category (category_id, book_id) values (11, 70);
insert into book_category (category_id, book_id) values (20, 1);
insert into book_category (category_id, book_id) values (5, 33);
insert into book_category (category_id, book_id) values (16, 46);
insert into book_category (category_id, book_id) values (20, 19);
insert into book_category (category_id, book_id) values (20, 35);
insert into book_category (category_id, book_id) values (17, 84);
insert into book_category (category_id, book_id) values (8, 68);
insert into book_category (category_id, book_id) values (9, 38);
insert into book_category (category_id, book_id) values (10, 94);
insert into book_category (category_id, book_id) values (6, 76);
insert into book_category (category_id, book_id) values (11, 15);
insert into book_category (category_id, book_id) values (1, 4);
insert into book_category (category_id, book_id) values (7, 54);
insert into book_category (category_id, book_id) values (11, 64);
insert into book_category (category_id, book_id) values (10, 44);
insert into book_category (category_id, book_id) values (19, 64);
insert into book_category (category_id, book_id) values (16, 58);
insert into book_category (category_id, book_id) values (7, 4);
insert into book_category (category_id, book_id) values (16, 8);
insert into book_category (category_id, book_id) values (18, 90);
insert into book_category (category_id, book_id) values (12, 79);
insert into book_category (category_id, book_id) values (15, 40);
insert into book_category (category_id, book_id) values (7, 75);
insert into book_category (category_id, book_id) values (14, 63);
insert into book_category (category_id, book_id) values (12, 57);
insert into book_category (category_id, book_id) values (7, 96);
insert into book_category (category_id, book_id) values (6, 94);
insert into book_category (category_id, book_id) values (4, 70);
insert into book_category (category_id, book_id) values (1, 56);
insert into book_category (category_id, book_id) values (19, 9);
insert into book_category (category_id, book_id) values (12, 26);
insert into book_category (category_id, book_id) values (19, 69);
insert into book_category (category_id, book_id) values (6, 64);
insert into book_category (category_id, book_id) values (11, 92);
insert into book_category (category_id, book_id) values (16, 86);
insert into book_category (category_id, book_id) values (17, 94);
insert into book_category (category_id, book_id) values (14, 20);
insert into book_category (category_id, book_id) values (7, 92);
insert into book_category (category_id, book_id) values (8, 52);
insert into book_category (category_id, book_id) values (8, 18);
insert into book_category (category_id, book_id) values (10, 75);
insert into book_category (category_id, book_id) values (3, 42);
insert into book_category (category_id, book_id) values (20, 54);
insert into book_category (category_id, book_id) values (19, 52);
insert into book_category (category_id, book_id) values (5, 61);
insert into book_category (category_id, book_id) values (2, 76);
insert into book_category (category_id, book_id) values (19, 40);
insert into book_category (category_id, book_id) values (3, 79);
insert into book_category (category_id, book_id) values (4, 47);
insert into book_category (category_id, book_id) values (14, 75);
insert into book_category (category_id, book_id) values (5, 37);
insert into book_category (category_id, book_id) values (17, 29);
insert into book_category (category_id, book_id) values (11, 52);
insert into book_category (category_id, book_id) values (6, 57);
insert into book_category (category_id, book_id) values (2, 23);
insert into book_category (category_id, book_id) values (20, 18);
insert into book_category (category_id, book_id) values (16, 48);
insert into book_category (category_id, book_id) values (6, 41);
insert into book_category (category_id, book_id) values (2, 38);
insert into book_category (category_id, book_id) values (6, 40);
insert into book_category (category_id, book_id) values (8, 66);
insert into book_category (category_id, book_id) values (4, 6);
insert into book_category (category_id, book_id) values (1, 6);
insert into book_category (category_id, book_id) values (18, 32);
insert into book_category (category_id, book_id) values (5, 49);
insert into book_category (category_id, book_id) values (18, 84);
insert into book_category (category_id, book_id) values (9, 63);
insert into book_category (category_id, book_id) values (10, 96);
insert into book_category (category_id, book_id) values (15, 66);
insert into book_category (category_id, book_id) values (7, 70);
insert into book_category (category_id, book_id) values (16, 38);
insert into book_category (category_id, book_id) values (4, 92);
insert into book_category (category_id, book_id) values (4, 49);
insert into book_category (category_id, book_id) values (12, 68);
insert into book_category (category_id, book_id) values (11, 79);
insert into book_category (category_id, book_id) values (20, 52);
insert into book_category (category_id, book_id) values (12, 52);
insert into book_category (category_id, book_id) values (12, 97);
insert into book_category (category_id, book_id) values (16, 74);
insert into book_category (category_id, book_id) values (4, 58);
insert into book_category (category_id, book_id) values (9, 9);
insert into book_category (category_id, book_id) values (9, 37);
insert into book_category (category_id, book_id) values (7, 95);
insert into book_category (category_id, book_id) values (20, 49);
insert into book_category (category_id, book_id) values (19, 41);
insert into book_category (category_id, book_id) values (16, 62);
insert into book_category (category_id, book_id) values (20, 58);
insert into book_category (category_id, book_id) values (14, 57);
insert into book_category (category_id, book_id) values (16, 80);
insert into book_category (category_id, book_id) values (6, 82);
insert into book_category (category_id, book_id) values (15, 50);
insert into book_category (category_id, book_id) values (6, 69);
insert into book_category (category_id, book_id) values (3, 2);
insert into book_category (category_id, book_id) values (15, 36);
insert into book_category (category_id, book_id) values (1, 16);
insert into book_category (category_id, book_id) values (6, 88);
insert into book_category (category_id, book_id) values (19, 93);
insert into book_category (category_id, book_id) values (2, 23);
insert into book_category (category_id, book_id) values (5, 61);
insert into book_category (category_id, book_id) values (14, 19);
insert into book_category (category_id, book_id) values (12, 2);
insert into book_category (category_id, book_id) values (4, 8);
insert into book_category (category_id, book_id) values (9, 12);
insert into book_category (category_id, book_id) values (5, 53);
insert into book_category (category_id, book_id) values (14, 74);
insert into book_category (category_id, book_id) values (13, 5);
insert into book_category (category_id, book_id) values (3, 31);
insert into book_category (category_id, book_id) values (1, 50);
insert into book_category (category_id, book_id) values (7, 89);
insert into book_category (category_id, book_id) values (16, 7);
insert into book_category (category_id, book_id) values (9, 77);
insert into book_category (category_id, book_id) values (17, 87);
insert into book_category (category_id, book_id) values (2, 67);
insert into book_category (category_id, book_id) values (16, 27);
insert into book_category (category_id, book_id) values (6, 37);
insert into book_category (category_id, book_id) values (19, 29);
insert into book_category (category_id, book_id) values (16, 49);
insert into book_category (category_id, book_id) values (12, 30);
insert into book_category (category_id, book_id) values (15, 84);
insert into book_category (category_id, book_id) values (7, 7);
insert into book_category (category_id, book_id) values (15, 82);
insert into book_category (category_id, book_id) values (2, 3);
insert into book_category (category_id, book_id) values (15, 39);
insert into book_category (category_id, book_id) values (20, 41);
insert into book_category (category_id, book_id) values (12, 34);
insert into book_category (category_id, book_id) values (3, 63);
insert into book_category (category_id, book_id) values (3, 66);
insert into book_category (category_id, book_id) values (16, 48);
insert into book_category (category_id, book_id) values (16, 18);
insert into book_category (category_id, book_id) values (5, 47);
insert into book_category (category_id, book_id) values (13, 83);
insert into book_category (category_id, book_id) values (15, 69);
insert into book_category (category_id, book_id) values (18, 38);
insert into book_category (category_id, book_id) values (11, 41);
insert into book_category (category_id, book_id) values (3, 13);
insert into book_category (category_id, book_id) values (19, 66);
insert into book_category (category_id, book_id) values (12, 28);
insert into book_category (category_id, book_id) values (12, 56);
insert into book_category (category_id, book_id) values (7, 60);
insert into book_category (category_id, book_id) values (13, 13);
insert into book_category (category_id, book_id) values (5, 22);
insert into book_category (category_id, book_id) values (5, 83);
insert into book_category (category_id, book_id) values (4, 94);
insert into book_category (category_id, book_id) values (8, 69);
insert into book_category (category_id, book_id) values (13, 10);
insert into book_category (category_id, book_id) values (15, 70);
insert into book_category (category_id, book_id) values (15, 79);
insert into book_category (category_id, book_id) values (8, 78);
insert into book_category (category_id, book_id) values (9, 92);
insert into book_category (category_id, book_id) values (14, 78);
insert into book_category (category_id, book_id) values (18, 70);
insert into book_category (category_id, book_id) values (9, 39);
insert into book_category (category_id, book_id) values (5, 67);
insert into book_category (category_id, book_id) values (9, 12);
insert into book_category (category_id, book_id) values (12, 48);
insert into book_category (category_id, book_id) values (15, 72);
insert into book_category (category_id, book_id) values (2, 2);
insert into book_category (category_id, book_id) values (10, 24);
insert into book_category (category_id, book_id) values (4, 95);
insert into book_category (category_id, book_id) values (19, 7);
insert into book_category (category_id, book_id) values (13, 72);
insert into book_category (category_id, book_id) values (15, 24);
insert into book_category (category_id, book_id) values (5, 36);
insert into book_category (category_id, book_id) values (1, 49);
insert into book_category (category_id, book_id) values (17, 4);
insert into book_category (category_id, book_id) values (17, 39);
insert into book_category (category_id, book_id) values (2, 21);
insert into book_category (category_id, book_id) values (5, 19);
insert into book_category (category_id, book_id) values (15, 48);
insert into book_category (category_id, book_id) values (8, 65);
insert into book_category (category_id, book_id) values (6, 34);
insert into book_category (category_id, book_id) values (20, 35);
insert into book_category (category_id, book_id) values (14, 15);
insert into book_category (category_id, book_id) values (8, 78);
insert into book_category (category_id, book_id) values (19, 69);
insert into book_category (category_id, book_id) values (16, 95);
insert into book_category (category_id, book_id) values (7, 98);
insert into book_category (category_id, book_id) values (17, 3);
insert into book_category (category_id, book_id) values (11, 64);
insert into book_category (category_id, book_id) values (6, 13);
insert into book_category (category_id, book_id) values (5, 49);
insert into book_category (category_id, book_id) values (20, 74);
insert into book_category (category_id, book_id) values (18, 49);
insert into book_category (category_id, book_id) values (11, 32);
insert into book_category (category_id, book_id) values (13, 91);
insert into book_category (category_id, book_id) values (13, 35);
insert into book_category (category_id, book_id) values (11, 21);
insert into book_category (category_id, book_id) values (8, 86);
insert into book_category (category_id, book_id) values (14, 39);
insert into book_category (category_id, book_id) values (2, 68);
insert into book_category (category_id, book_id) values (8, 13);
insert into book_category (category_id, book_id) values (1, 35);
insert into book_category (category_id, book_id) values (10, 87);
insert into book_category (category_id, book_id) values (4, 93);
insert into book_category (category_id, book_id) values (6, 88);
insert into book_category (category_id, book_id) values (11, 32);
insert into book_category (category_id, book_id) values (20, 1);
insert into book_category (category_id, book_id) values (6, 100);
insert into book_category (category_id, book_id) values (5, 21);
insert into book_category (category_id, book_id) values (5, 9);
insert into book_category (category_id, book_id) values (2, 73);
insert into book_category (category_id, book_id) values (4, 33);
insert into book_category (category_id, book_id) values (9, 79);
insert into book_category (category_id, book_id) values (5, 63);
insert into book_category (category_id, book_id) values (6, 18);
insert into book_category (category_id, book_id) values (6, 59);
insert into book_category (category_id, book_id) values (17, 29);
insert into book_category (category_id, book_id) values (9, 18);
insert into book_category (category_id, book_id) values (11, 60);
insert into book_category (category_id, book_id) values (19, 63);
insert into book_category (category_id, book_id) values (6, 21);
insert into book_category (category_id, book_id) values (7, 14);
insert into book_category (category_id, book_id) values (20, 63);
insert into book_category (category_id, book_id) values (18, 62);
insert into book_category (category_id, book_id) values (12, 65);
insert into book_category (category_id, book_id) values (15, 11);
insert into book_category (category_id, book_id) values (9, 53);
insert into book_category (category_id, book_id) values (6, 38);
insert into book_category (category_id, book_id) values (13, 58);
insert into book_category (category_id, book_id) values (8, 51);
insert into book_category (category_id, book_id) values (13, 17);
insert into book_category (category_id, book_id) values (13, 55);
insert into book_category (category_id, book_id) values (1, 67);
insert into book_category (category_id, book_id) values (12, 53);
insert into book_category (category_id, book_id) values (14, 2);
insert into book_category (category_id, book_id) values (9, 90);
insert into book_category (category_id, book_id) values (1, 84);
insert into book_category (category_id, book_id) values (16, 48);
insert into book_category (category_id, book_id) values (12, 66);
insert into book_category (category_id, book_id) values (1, 13);


insert into book_rent (user_id, book_id, rent_date, returned_at) values (27, 37, '2022-10-31', '2023-04-24');
insert into book_rent (user_id, book_id, rent_date, returned_at) values (8, 66, '2022-09-27', '2023-02-20');
insert into book_rent (user_id, book_id, rent_date, returned_at) values (22, 8, '2022-09-14', '2023-04-30');
insert into book_rent (user_id, book_id, rent_date, returned_at) values (10, 45, '2022-08-06', '2023-04-19');
insert into book_rent (user_id, book_id, rent_date, returned_at) values (33, 71, '2022-10-30', '2023-05-01');
insert into book_rent (user_id, book_id, rent_date, returned_at) values (21, 77, '2022-06-14', '2023-04-21');
insert into book_rent (user_id, book_id, rent_date, returned_at) values (11, 16, '2022-06-16', '2023-02-06');
insert into book_rent (user_id, book_id, rent_date, returned_at) values (13, 29, '2022-12-31', '2023-02-04');
insert into book_rent (user_id, book_id, rent_date, returned_at) values (27, 2, '2022-12-04', '2023-02-11');
insert into book_rent (user_id, book_id, rent_date, returned_at) values (47, 49, '2022-10-31', '2023-01-19');
insert into book_rent (user_id, book_id, rent_date, returned_at) values (43, 57, '2022-07-20', '2023-02-28');
insert into book_rent (user_id, book_id, rent_date, returned_at) values (7, 82, '2022-11-29', '2023-05-08');
insert into book_rent (user_id, book_id, rent_date, returned_at) values (8, 98, '2022-09-27', '2023-05-02');
insert into book_rent (user_id, book_id, rent_date, returned_at) values (4, 18, '2022-07-17', '2023-01-11');
insert into book_rent (user_id, book_id, rent_date, returned_at) values (29, 53, '2022-06-17', '2023-01-17');
insert into book_rent (user_id, book_id, rent_date, returned_at) values (37, 72, '2022-10-17', '2023-05-08');
insert into book_rent (user_id, book_id, rent_date, returned_at) values (25, 62, '2022-10-06', '2023-01-15');
insert into book_rent (user_id, book_id, rent_date, returned_at) values (5, 82, '2022-12-11', '2023-02-25');
insert into book_rent (user_id, book_id, rent_date, returned_at) values (35, 78, '2022-06-06', '2023-05-11');
insert into book_rent (user_id, book_id, rent_date, returned_at) values (8, 51, '2022-11-10', '2023-01-06');
insert into book_rent (user_id, book_id, rent_date, returned_at) values (17, 90, '2022-09-28', '2023-03-17');
insert into book_rent (user_id, book_id, rent_date, returned_at) values (38, 65, '2022-06-10', '2023-04-11');
insert into book_rent (user_id, book_id, rent_date, returned_at) values (32, 63, '2022-11-20', '2023-03-10');
insert into book_rent (user_id, book_id, rent_date, returned_at) values (6, 38, '2022-12-26', '2023-05-02');
insert into book_rent (user_id, book_id, rent_date, returned_at) values (45, 67, '2022-11-22', '2023-03-22');
insert into book_rent (user_id, book_id, rent_date, returned_at) values (39, 34, '2022-10-23', '2023-05-06');
insert into book_rent (user_id, book_id, rent_date, returned_at) values (1, 84, '2022-09-28', '2023-04-26');
insert into book_rent (user_id, book_id, rent_date, returned_at) values (33, 87, '2022-09-18', '2023-04-10');
insert into book_rent (user_id, book_id, rent_date, returned_at) values (32, 53, '2022-07-29', '2023-05-24');
insert into book_rent (user_id, book_id, rent_date, returned_at) values (31, 4, '2022-10-05', '2023-05-27');
insert into book_rent (user_id, book_id, rent_date, returned_at) values (21, 8, '2022-07-05', '2023-04-06');
insert into book_rent (user_id, book_id, rent_date, returned_at) values (39, 19, '2022-12-25', '2023-02-26');
insert into book_rent (user_id, book_id, rent_date, returned_at) values (32, 29, '2022-09-23', '2023-03-11');
insert into book_rent (user_id, book_id, rent_date, returned_at) values (16, 60, '2022-08-03', '2023-03-08');
insert into book_rent (user_id, book_id, rent_date, returned_at) values (12, 83, '2022-11-13', '2023-04-04');
insert into book_rent (user_id, book_id, rent_date, returned_at) values (15, 23, '2022-10-09', '2023-05-13');
insert into book_rent (user_id, book_id, rent_date, returned_at) values (24, 100, '2022-10-05', '2023-01-08');
insert into book_rent (user_id, book_id, rent_date, returned_at) values (7, 72, '2022-09-16', '2023-05-19');
insert into book_rent (user_id, book_id, rent_date, returned_at) values (5, 37, '2022-12-05', '2023-02-28');
insert into book_rent (user_id, book_id, rent_date, returned_at) values (19, 34, '2022-08-16', '2023-02-17');
insert into book_rent (user_id, book_id, rent_date, returned_at) values (12, 26, '2022-09-26', '2023-04-24');
insert into book_rent (user_id, book_id, rent_date, returned_at) values (8, 80, '2022-12-11', '2023-05-11');
insert into book_rent (user_id, book_id, rent_date, returned_at) values (26, 83, '2022-11-22', '2023-02-26');
insert into book_rent (user_id, book_id, rent_date, returned_at) values (26, 94, '2022-11-22', '2023-01-16');
insert into book_rent (user_id, book_id, rent_date, returned_at) values (41, 25, '2022-07-09', '2023-01-01');
insert into book_rent (user_id, book_id, rent_date, returned_at) values (47, 29, '2022-06-14', '2023-05-14');
insert into book_rent (user_id, book_id, rent_date, returned_at) values (16, 78, '2022-10-08', '2023-04-15');
insert into book_rent (user_id, book_id, rent_date, returned_at) values (5, 11, '2022-05-31', '2023-04-30');
insert into book_rent (user_id, book_id, rent_date, returned_at) values (45, 42, '2022-12-11', '2023-03-21');
insert into book_rent (user_id, book_id, rent_date, returned_at) values (37, 32, '2022-05-30', '2023-01-08');
insert into book_rent (user_id, book_id, rent_date, returned_at) values (33, 41, '2022-09-01', '2023-05-10');
insert into book_rent (user_id, book_id, rent_date, returned_at) values (47, 31, '2022-12-11', '2023-02-22');
insert into book_rent (user_id, book_id, rent_date, returned_at) values (20, 37, '2022-06-15', '2023-03-30');
insert into book_rent (user_id, book_id, rent_date, returned_at) values (23, 9, '2022-08-20', '2023-04-16');
insert into book_rent (user_id, book_id, rent_date, returned_at) values (25, 14, '2022-12-22', '2023-04-01');
insert into book_rent (user_id, book_id, rent_date, returned_at) values (45, 10, '2022-09-12', '2023-03-20');
insert into book_rent (user_id, book_id, rent_date, returned_at) values (32, 74, '2022-11-23', '2023-01-01');
insert into book_rent (user_id, book_id, rent_date, returned_at) values (1, 7, '2022-06-18', '2023-05-13');
insert into book_rent (user_id, book_id, rent_date, returned_at) values (47, 97, '2022-10-13', '2023-04-14');
insert into book_rent (user_id, book_id, rent_date, returned_at) values (47, 20, '2022-09-21', '2023-02-10');
insert into book_rent (user_id, book_id, rent_date, returned_at) values (20, 79, '2022-08-08', '2023-04-18');
insert into book_rent (user_id, book_id, rent_date, returned_at) values (36, 16, '2022-11-01', '2023-03-15');
insert into book_rent (user_id, book_id, rent_date, returned_at) values (47, 82, '2022-11-20', '2023-03-04');
insert into book_rent (user_id, book_id, rent_date, returned_at) values (46, 38, '2022-08-11', '2023-05-28');
insert into book_rent (user_id, book_id, rent_date, returned_at) values (29, 94, '2022-07-22', '2023-03-02');
insert into book_rent (user_id, book_id, rent_date, returned_at) values (2, 96, '2022-06-26', '2023-02-07');
insert into book_rent (user_id, book_id, rent_date, returned_at) values (32, 79, '2022-08-30', '2023-05-12');
insert into book_rent (user_id, book_id, rent_date, returned_at) values (38, 61, '2022-12-18', '2023-05-12');
insert into book_rent (user_id, book_id, rent_date, returned_at) values (30, 43, '2022-10-19', '2023-03-11');
insert into book_rent (user_id, book_id, rent_date, returned_at) values (5, 23, '2022-12-20', '2023-03-16');
insert into book_rent (user_id, book_id, rent_date, returned_at) values (12, 36, '2022-06-19', '2023-05-12');
insert into book_rent (user_id, book_id, rent_date, returned_at) values (23, 50, '2022-07-29', '2023-03-10');
insert into book_rent (user_id, book_id, rent_date, returned_at) values (25, 26, '2022-12-10', '2023-03-21');
insert into book_rent (user_id, book_id, rent_date, returned_at) values (40, 54, '2022-11-03', '2023-02-13');
insert into book_rent (user_id, book_id, rent_date, returned_at) values (42, 29, '2022-12-08', '2023-05-20');
insert into book_rent (user_id, book_id, rent_date, returned_at) values (26, 34, '2022-12-20', '2023-03-28');
insert into book_rent (user_id, book_id, rent_date, returned_at) values (2, 72, '2022-06-19', '2023-04-29');
insert into book_rent (user_id, book_id, rent_date, returned_at) values (14, 1, '2022-10-27', '2023-02-24');
insert into book_rent (user_id, book_id, rent_date, returned_at) values (38, 82, '2022-06-01', '2023-03-26');
insert into book_rent (user_id, book_id, rent_date, returned_at) values (37, 36, '2022-12-02', '2023-01-10');
insert into book_rent (user_id, book_id, rent_date, returned_at) values (37, 21, '2022-11-11', '2023-03-16');
insert into book_rent (user_id, book_id, rent_date, returned_at) values (1, 36, '2022-12-07', '2023-02-09');
insert into book_rent (user_id, book_id, rent_date, returned_at) values (24, 40, '2022-10-04', '2023-02-05');
insert into book_rent (user_id, book_id, rent_date, returned_at) values (31, 93, '2022-07-13', '2023-02-08');
insert into book_rent (user_id, book_id, rent_date, returned_at) values (35, 80, '2022-10-06', '2023-01-14');
insert into book_rent (user_id, book_id, rent_date, returned_at) values (15, 33, '2022-11-06', '2023-01-16');
insert into book_rent (user_id, book_id, rent_date, returned_at) values (6, 37, '2022-10-15', '2023-01-22');
insert into book_rent (user_id, book_id, rent_date, returned_at) values (23, 88, '2022-05-30', '2023-03-28');
insert into book_rent (user_id, book_id, rent_date, returned_at) values (15, 71, '2022-08-16', '2023-04-15');
insert into book_rent (user_id, book_id, rent_date, returned_at) values (46, 38, '2022-12-28', '2023-02-17');
insert into book_rent (user_id, book_id, rent_date, returned_at) values (8, 24, '2022-12-16', '2023-02-03');
insert into book_rent (user_id, book_id, rent_date, returned_at) values (42, 41, '2022-08-02', '2023-04-21');
insert into book_rent (user_id, book_id, rent_date, returned_at) values (8, 23, '2022-06-24', '2023-02-26');
insert into book_rent (user_id, book_id, rent_date, returned_at) values (43, 32, '2022-09-08', '2023-04-15');
insert into book_rent (user_id, book_id, rent_date, returned_at) values (6, 29, '2022-09-07', '2023-05-27');
insert into book_rent (user_id, book_id, rent_date, returned_at) values (34, 90, '2022-11-05', '2023-01-21');
insert into book_rent (user_id, book_id, rent_date, returned_at) values (47, 19, '2022-12-22', '2023-01-23');
insert into book_rent (user_id, book_id, rent_date, returned_at) values (17, 72, '2022-06-01', '2023-02-15');
insert into book_rent (user_id, book_id, rent_date, returned_at) values (47, 4, '2022-08-17', '2023-05-28');
insert into book_rent (user_id, book_id, rent_date, returned_at) values (3, 84, '2022-08-09', '2023-02-24');

insert into book_reservation (user_id, book_id, reservation_date, fulfilled_at) values (40, 79, '2022-10-17', '2023-03-01');
insert into book_reservation (user_id, book_id, reservation_date, fulfilled_at) values (37, 40, '2022-12-10', '2023-04-17');
insert into book_reservation (user_id, book_id, reservation_date, fulfilled_at) values (7, 77, '2022-10-26', '2023-02-25');
insert into book_reservation (user_id, book_id, reservation_date, fulfilled_at) values (45, 52, '2022-06-30', '2023-05-13');
insert into book_reservation (user_id, book_id, reservation_date, fulfilled_at) values (1, 82, '2022-07-25', '2023-01-20');
insert into book_reservation (user_id, book_id, reservation_date, fulfilled_at) values (41, 94, '2022-12-01', '2023-01-13');
insert into book_reservation (user_id, book_id, reservation_date, fulfilled_at) values (9, 35, '2022-12-01', '2023-05-05');
insert into book_reservation (user_id, book_id, reservation_date, fulfilled_at) values (43, 36, '2022-08-24', '2023-02-04');
insert into book_reservation (user_id, book_id, reservation_date, fulfilled_at) values (43, 76, '2022-08-31', '2023-02-11');
insert into book_reservation (user_id, book_id, reservation_date, fulfilled_at) values (47, 14, '2022-07-26', '2023-01-23');
insert into book_reservation (user_id, book_id, reservation_date, fulfilled_at) values (11, 8, '2022-07-18', '2023-03-25');
insert into book_reservation (user_id, book_id, reservation_date, fulfilled_at) values (11, 66, '2022-11-30', '2023-05-09');
insert into book_reservation (user_id, book_id, reservation_date, fulfilled_at) values (5, 8, '2022-11-22', '2023-02-09');
insert into book_reservation (user_id, book_id, reservation_date, fulfilled_at) values (22, 57, '2022-12-25', '2023-03-22');
insert into book_reservation (user_id, book_id, reservation_date, fulfilled_at) values (9, 90, '2022-10-09', '2023-01-03');
insert into book_reservation (user_id, book_id, reservation_date, fulfilled_at) values (45, 36, '2022-12-17', '2023-01-12');
insert into book_reservation (user_id, book_id, reservation_date, fulfilled_at) values (3, 32, '2022-07-19', '2023-03-31');
insert into book_reservation (user_id, book_id, reservation_date, fulfilled_at) values (47, 88, '2022-09-18', '2023-02-02');
insert into book_reservation (user_id, book_id, reservation_date, fulfilled_at) values (31, 4, '2022-09-20', '2023-04-06');
insert into book_reservation (user_id, book_id, reservation_date, fulfilled_at) values (21, 66, '2022-06-10', '2023-05-14');
insert into book_reservation (user_id, book_id, reservation_date, fulfilled_at) values (27, 8, '2022-12-19', '2023-01-05');
insert into book_reservation (user_id, book_id, reservation_date, fulfilled_at) values (32, 19, '2022-09-24', '2023-04-06');
insert into book_reservation (user_id, book_id, reservation_date, fulfilled_at) values (25, 52, '2022-10-26', '2023-04-04');
insert into book_reservation (user_id, book_id, reservation_date, fulfilled_at) values (2, 89, '2022-06-07', '2023-05-01');
insert into book_reservation (user_id, book_id, reservation_date, fulfilled_at) values (11, 33, '2022-06-15', '2023-01-11');
insert into book_reservation (user_id, book_id, reservation_date, fulfilled_at) values (23, 32, '2022-10-12', '2023-02-26');
insert into book_reservation (user_id, book_id, reservation_date, fulfilled_at) values (29, 28, '2022-10-16', '2023-02-02');
insert into book_reservation (user_id, book_id, reservation_date, fulfilled_at) values (46, 9, '2022-09-29', '2023-03-22');
insert into book_reservation (user_id, book_id, reservation_date, fulfilled_at) values (43, 98, '2022-09-09', '2023-05-11');
insert into book_reservation (user_id, book_id, reservation_date, fulfilled_at) values (18, 87, '2022-09-30', '2023-05-05');
insert into book_reservation (user_id, book_id, reservation_date, fulfilled_at) values (11, 54, '2022-06-20', '2023-01-04');
insert into book_reservation (user_id, book_id, reservation_date, fulfilled_at) values (3, 70, '2022-11-10', '2023-03-28');
insert into book_reservation (user_id, book_id, reservation_date, fulfilled_at) values (34, 80, '2022-10-02', '2023-05-24');
insert into book_reservation (user_id, book_id, reservation_date, fulfilled_at) values (30, 30, '2022-12-23', '2023-01-12');
insert into book_reservation (user_id, book_id, reservation_date, fulfilled_at) values (31, 82, '2022-08-29', '2023-02-03');
insert into book_reservation (user_id, book_id, reservation_date, fulfilled_at) values (14, 60, '2022-08-27', '2023-01-28');
insert into book_reservation (user_id, book_id, reservation_date, fulfilled_at) values (46, 82, '2022-12-10', '2023-05-15');
insert into book_reservation (user_id, book_id, reservation_date, fulfilled_at) values (20, 91, '2022-12-19', '2023-05-15');
insert into book_reservation (user_id, book_id, reservation_date, fulfilled_at) values (42, 94, '2022-12-08', '2023-01-11');
insert into book_reservation (user_id, book_id, reservation_date, fulfilled_at) values (17, 12, '2022-06-09', '2023-03-02');
insert into book_reservation (user_id, book_id, reservation_date, fulfilled_at) values (2, 13, '2022-08-25', '2023-01-11');
insert into book_reservation (user_id, book_id, reservation_date, fulfilled_at) values (47, 68, '2022-12-21', '2023-04-13');
insert into book_reservation (user_id, book_id, reservation_date, fulfilled_at) values (16, 42, '2022-09-10', '2023-05-09');
insert into book_reservation (user_id, book_id, reservation_date, fulfilled_at) values (32, 23, '2022-06-03', '2023-05-13');
insert into book_reservation (user_id, book_id, reservation_date, fulfilled_at) values (32, 67, '2022-08-24', '2023-05-10');
insert into book_reservation (user_id, book_id, reservation_date, fulfilled_at) values (44, 23, '2022-07-18', '2023-01-16');
insert into book_reservation (user_id, book_id, reservation_date, fulfilled_at) values (9, 52, '2022-07-08', '2023-02-16');
insert into book_reservation (user_id, book_id, reservation_date, fulfilled_at) values (22, 10, '2022-12-24', '2023-01-11');
insert into book_reservation (user_id, book_id, reservation_date, fulfilled_at) values (27, 31, '2022-10-08', '2023-03-08');
insert into book_reservation (user_id, book_id, reservation_date, fulfilled_at) values (33, 81, '2022-09-06', '2023-03-02');
insert into review (rent_id, review_text, review_date, rating) values (82, 'luctus rutrum nulla tellus in sagittis dui vel nisl duis ac nibh fusce lacus purus aliquet at feugiat non pretium quis lectus suspendisse potenti in eleifend quam a odio', '2017-04-27', 2);
insert into review (rent_id, review_text, review_date, rating) values (45, 'tincidunt eu felis fusce posuere felis sed lacus morbi sem mauris laoreet ut rhoncus aliquet pulvinar sed nisl nunc rhoncus dui vel sem sed sagittis nam congue risus semper porta', '2021-12-14', 2);
insert into review (rent_id, review_text, review_date, rating) values (14, 'nunc commodo placerat praesent blandit nam nulla integer pede justo lacinia eget tincidunt eget tempus vel pede morbi porttitor lorem id ligula suspendisse ornare consequat lectus in est', '2002-04-06', 2);
insert into review (rent_id, review_text, review_date, rating) values (85, 'quis orci nullam molestie nibh in lectus pellentesque at nulla suspendisse potenti cras in purus eu magna vulputate luctus', '2010-06-15', 1);
insert into review (rent_id, review_text, review_date, rating) values (21, 'quis orci nullam molestie nibh in lectus pellentesque at nulla suspendisse potenti cras in purus eu magna vulputate luctus cum sociis natoque penatibus et magnis dis parturient montes', '2013-02-22', 1);
insert into review (rent_id, review_text, review_date, rating) values (47, 'massa id lobortis convallis tortor', '2010-11-20', 3);
insert into review (rent_id, review_text, review_date, rating) values (61, 'lorem integer tincidunt ante vel ipsum praesent blandit lacinia', '2000-10-02', 4);
insert into review (rent_id, review_text, review_date, rating) values (60, 'natoque penatibus et magnis dis parturient montes nascetur ridiculus mus etiam vel augue vestibulum rutrum', '2021-02-24', 2);
insert into review (rent_id, review_text, review_date, rating) values (46, 'diam erat fermentum justo nec condimentum neque sapien placerat ante nulla', '2016-02-23', 1);
insert into review (rent_id, review_text, review_date, rating) values (50, 'convallis nunc proin at turpis a pede posuere nonummy integer non velit donec diam neque vestibulum eget vulputate', '2007-10-15', 4);
insert into review (rent_id, review_text, review_date, rating) values (60, 'dictumst maecenas ut massa quis augue luctus tincidunt nulla mollis molestie lorem quisque ut erat curabitur gravida nisi at nibh in hac habitasse platea', '2008-09-20', 1);
insert into review (rent_id, review_text, review_date, rating) values (96, 'primis in faucibus orci luctus et ultrices', '2016-11-03', 4);
insert into review (rent_id, review_text, review_date, rating) values (91, 'tincidunt ante vel ipsum praesent blandit lacinia erat vestibulum sed magna at nunc commodo placerat praesent blandit nam nulla integer pede justo lacinia', '2010-10-17', 4);
insert into review (rent_id, review_text, review_date, rating) values (82, 'metus sapien ut nunc vestibulum ante ipsum primis in', '2001-10-31', 5);
insert into review (rent_id, review_text, review_date, rating) values (32, 'turpis a pede posuere nonummy integer non velit donec diam neque vestibulum eget vulputate ut', '2015-05-15', 5);
insert into review (rent_id, review_text, review_date, rating) values (83, 'est et tempus semper est', '2001-12-19', 2);
insert into review (rent_id, review_text, review_date, rating) values (66, 'tortor quis turpis sed ante vivamus tortor duis mattis egestas metus aenean fermentum', '2010-03-03', 3);
insert into review (rent_id, review_text, review_date, rating) values (20, 'quisque ut erat curabitur gravida nisi at nibh in hac habitasse platea', '2005-04-28', 1);
insert into review (rent_id, review_text, review_date, rating) values (41, 'accumsan tortor quis turpis sed ante vivamus tortor duis mattis egestas metus aenean fermentum', '2016-04-12', 1);
insert into review (rent_id, review_text, review_date, rating) values (57, 'neque sapien placerat ante nulla', '2014-07-29', 4);
insert into review (rent_id, review_text, review_date, rating) values (75, 'tincidunt nulla mollis molestie lorem quisque ut erat curabitur gravida nisi at nibh in hac habitasse platea dictumst aliquam augue quam sollicitudin vitae consectetuer eget', '2006-10-31', 5);
insert into review (rent_id, review_text, review_date, rating) values (22, 'eget semper rutrum nulla nunc purus phasellus in felis donec semper sapien a libero nam dui proin leo odio porttitor id consequat in consequat ut nulla sed accumsan felis', '2004-04-17', 4);
insert into review (rent_id, review_text, review_date, rating) values (25, 'eu massa donec dapibus duis at velit eu est congue elementum in hac habitasse platea dictumst morbi', '2009-09-01', 2);
insert into review (rent_id, review_text, review_date, rating) values (35, 'sed vel enim sit amet nunc viverra dapibus nulla suscipit ligula in lacus curabitur at ipsum ac tellus semper interdum mauris', '2008-06-11', 5);
insert into review (rent_id, review_text, review_date, rating) values (96, 'vitae mattis nibh ligula nec sem duis aliquam convallis nunc proin at turpis a', '2019-09-11', 2);
insert into review (rent_id, review_text, review_date, rating) values (7, 'interdum eu tincidunt in leo maecenas pulvinar lobortis est phasellus sit amet erat nulla tempus vivamus in felis eu sapien cursus', '2018-09-26', 2);
insert into review (rent_id, review_text, review_date, rating) values (65, 'elementum eu interdum eu tincidunt in', '2007-08-14', 3);
insert into review (rent_id, review_text, review_date, rating) values (18, 'leo rhoncus sed vestibulum sit amet cursus id turpis integer aliquet massa id lobortis convallis tortor risus dapibus augue vel accumsan tellus nisi eu orci mauris lacinia sapien quis libero', '2012-05-26', 2);
insert into review (rent_id, review_text, review_date, rating) values (79, 'et tempus semper est quam pharetra magna ac consequat metus sapien ut nunc vestibulum ante ipsum primis in faucibus orci luctus et ultrices posuere cubilia', '2019-05-23', 5);
insert into review (rent_id, review_text, review_date, rating) values (75, 'in consequat ut nulla sed accumsan felis ut at dolor quis odio consequat varius', '2003-11-03', 4);
insert into review (rent_id, review_text, review_date, rating) values (44, 'vestibulum proin eu mi nulla ac enim in tempor turpis nec euismod scelerisque quam turpis adipiscing lorem vitae mattis nibh ligula nec sem duis aliquam convallis nunc proin at turpis', '2000-10-29', 3);
insert into review (rent_id, review_text, review_date, rating) values (80, 'vel enim sit amet nunc viverra', '2001-03-14', 4);
insert into review (rent_id, review_text, review_date, rating) values (91, 'lacinia nisi venenatis tristique fusce congue diam id ornare imperdiet sapien urna pretium nisl ut volutpat sapien arcu sed augue', '2001-09-22', 5);
insert into review (rent_id, review_text, review_date, rating) values (74, 'blandit nam nulla integer pede justo lacinia eget tincidunt eget tempus vel pede morbi porttitor lorem id ligula suspendisse ornare consequat', '2006-04-08', 1);
insert into review (rent_id, review_text, review_date, rating) values (36, 'pellentesque at nulla suspendisse potenti cras in purus eu magna vulputate luctus cum sociis natoque penatibus et magnis dis parturient montes nascetur ridiculus mus vivamus vestibulum sagittis sapien cum sociis', '2008-12-04', 2);
insert into review (rent_id, review_text, review_date, rating) values (52, 'aliquam convallis nunc proin at turpis a pede posuere nonummy integer non velit donec diam neque vestibulum eget vulputate ut ultrices vel augue vestibulum ante ipsum primis in', '2013-08-24', 1);
insert into review (rent_id, review_text, review_date, rating) values (70, 'nulla nunc purus phasellus in felis donec semper sapien a libero nam dui proin leo odio porttitor id', '2021-03-19', 5);
insert into review (rent_id, review_text, review_date, rating) values (97, 'justo lacinia eget tincidunt eget tempus vel pede morbi porttitor lorem', '2015-12-07', 2);
insert into review (rent_id, review_text, review_date, rating) values (50, 'auctor sed tristique in tempus sit amet sem', '2018-09-20', 1);
insert into review (rent_id, review_text, review_date, rating) values (77, 'velit donec diam neque vestibulum eget vulputate ut ultrices vel augue vestibulum ante ipsum primis in faucibus orci luctus et ultrices', '2018-09-04', 3);
insert into review (rent_id, review_text, review_date, rating) values (76, 'sem mauris laoreet ut rhoncus aliquet pulvinar sed nisl nunc rhoncus dui vel sem sed sagittis nam congue risus semper porta volutpat quam', '2012-12-24', 1);
insert into review (rent_id, review_text, review_date, rating) values (92, 'amet erat nulla tempus vivamus in felis eu sapien cursus vestibulum proin eu mi nulla ac enim in tempor turpis', '2017-11-27', 4);
insert into review (rent_id, review_text, review_date, rating) values (46, 'iaculis congue vivamus metus arcu', '2010-09-03', 2);
insert into review (rent_id, review_text, review_date, rating) values (58, 'praesent blandit lacinia erat vestibulum sed magna at nunc commodo placerat praesent blandit nam nulla integer pede', '2001-10-19', 2);
insert into review (rent_id, review_text, review_date, rating) values (76, 'pede posuere nonummy integer non velit donec diam neque vestibulum eget vulputate ut ultrices vel augue vestibulum ante ipsum primis in faucibus', '2001-05-15', 3);
insert into review (rent_id, review_text, review_date, rating) values (35, 'lacinia erat vestibulum sed magna at nunc commodo placerat praesent blandit nam nulla integer pede justo lacinia eget tincidunt eget tempus', '2001-09-11', 3);
insert into review (rent_id, review_text, review_date, rating) values (72, 'mauris ullamcorper purus sit amet nulla quisque arcu libero rutrum ac lobortis vel', '2014-03-11', 5);
insert into review (rent_id, review_text, review_date, rating) values (98, 'eget tincidunt eget tempus vel pede morbi porttitor lorem id ligula suspendisse ornare consequat lectus in est risus auctor sed tristique in tempus', '2020-08-29', 1);
insert into review (rent_id, review_text, review_date, rating) values (33, 'adipiscing elit proin risus praesent lectus vestibulum quam sapien varius ut blandit non interdum in ante vestibulum ante ipsum primis in faucibus orci luctus', '2000-09-16', 4);
insert into review (rent_id, review_text, review_date, rating) values (84, 'bibendum morbi non quam nec dui luctus rutrum nulla tellus in sagittis dui', '2021-12-27', 1);
insert into review (rent_id, review_text, review_date, rating) values (23, 'semper rutrum nulla nunc purus phasellus in felis donec semper sapien a libero nam dui proin leo odio porttitor id consequat in consequat ut nulla sed accumsan felis ut', '2010-10-10', 3);
insert into review (rent_id, review_text, review_date, rating) values (55, 'ac tellus semper interdum mauris ullamcorper purus sit amet nulla quisque arcu libero rutrum ac lobortis vel dapibus at diam nam tristique tortor eu pede', '2020-03-13', 2);
insert into review (rent_id, review_text, review_date, rating) values (59, 'dis parturient montes nascetur ridiculus mus etiam vel augue vestibulum rutrum rutrum', '2002-07-20', 1);
insert into review (rent_id, review_text, review_date, rating) values (50, 'elit proin interdum mauris non ligula pellentesque ultrices phasellus id sapien in sapien iaculis congue vivamus metus arcu', '2016-07-16', 5);
insert into review (rent_id, review_text, review_date, rating) values (88, 'duis at velit eu est congue elementum in hac habitasse platea dictumst morbi vestibulum velit id pretium iaculis diam erat fermentum', '2019-11-24', 1);
insert into review (rent_id, review_text, review_date, rating) values (68, 'platea dictumst etiam faucibus cursus urna ut tellus nulla ut erat id mauris vulputate elementum nullam varius nulla facilisi cras non velit nec nisi vulputate nonummy maecenas tincidunt lacus at', '2020-07-19', 4);
insert into review (rent_id, review_text, review_date, rating) values (45, 'lacus at velit vivamus vel nulla eget eros elementum pellentesque', '2019-11-23', 1);
insert into review (rent_id, review_text, review_date, rating) values (16, 'turpis sed ante vivamus tortor duis mattis egestas metus aenean fermentum donec ut mauris eget massa tempor convallis nulla neque libero convallis eget eleifend luctus ultricies eu', '2021-08-31', 2);
insert into review (rent_id, review_text, review_date, rating) values (84, 'elementum pellentesque quisque porta volutpat erat quisque erat eros viverra', '2017-06-23', 4);
insert into review (rent_id, review_text, review_date, rating) values (67, 'pulvinar sed nisl nunc rhoncus dui vel sem', '2020-11-16', 4);
insert into review (rent_id, review_text, review_date, rating) values (14, 'risus auctor sed tristique in tempus sit amet sem fusce consequat nulla nisl nunc nisl duis bibendum felis sed interdum venenatis turpis enim blandit mi in porttitor pede justo eu', '2013-12-18', 5);
insert into review (rent_id, review_text, review_date, rating) values (47, 'non lectus aliquam sit amet diam in magna bibendum imperdiet nullam orci pede venenatis non sodales sed tincidunt', '2000-12-24', 5);
insert into review (rent_id, review_text, review_date, rating) values (23, 'ut odio cras mi pede', '2019-10-23', 1);
insert into review (rent_id, review_text, review_date, rating) values (50, 'orci eget orci vehicula condimentum curabitur in', '2012-05-25', 3);
insert into review (rent_id, review_text, review_date, rating) values (8, 'pretium quis lectus suspendisse potenti in eleifend quam a odio in hac habitasse platea dictumst maecenas ut massa quis augue luctus tincidunt nulla mollis molestie lorem quisque ut erat', '2019-09-12', 5);
insert into review (rent_id, review_text, review_date, rating) values (11, 'libero convallis eget eleifend luctus ultricies eu nibh quisque id justo sit amet sapien dignissim vestibulum vestibulum ante ipsum primis in faucibus orci', '2006-05-25', 5);
insert into review (rent_id, review_text, review_date, rating) values (23, 'accumsan felis ut at dolor quis odio consequat varius integer ac leo pellentesque ultrices mattis odio donec vitae', '2018-12-25', 1);
insert into review (rent_id, review_text, review_date, rating) values (15, 'eget vulputate ut ultrices vel augue vestibulum ante ipsum primis in faucibus orci luctus et ultrices posuere cubilia curae donec pharetra magna vestibulum aliquet ultrices erat tortor sollicitudin mi', '2002-05-14', 2);
insert into review (rent_id, review_text, review_date, rating) values (65, 'in faucibus orci luctus et ultrices posuere cubilia curae donec pharetra magna vestibulum', '2021-10-27', 5);
insert into review (rent_id, review_text, review_date, rating) values (25, 'fermentum justo nec condimentum neque sapien placerat ante nulla justo aliquam', '2002-09-20', 4);
insert into review (rent_id, review_text, review_date, rating) values (44, 'id luctus nec molestie sed justo pellentesque viverra pede ac diam cras pellentesque volutpat dui maecenas tristique est et tempus semper est quam pharetra', '2013-03-16', 2);
insert into review (rent_id, review_text, review_date, rating) values (21, 'cum sociis natoque penatibus et magnis dis parturient montes nascetur ridiculus mus etiam vel augue vestibulum rutrum rutrum neque aenean auctor gravida sem praesent id massa id nisl venenatis', '2011-08-20', 2);
insert into review (rent_id, review_text, review_date, rating) values (19, 'nulla sed accumsan felis ut at dolor quis odio consequat varius integer ac leo pellentesque ultrices mattis odio donec vitae nisi nam ultrices libero non', '2018-10-02', 2);
insert into review (rent_id, review_text, review_date, rating) values (4, 'turpis nec euismod scelerisque quam turpis adipiscing lorem vitae mattis nibh', '2012-12-01', 2);
insert into review (rent_id, review_text, review_date, rating) values (16, 'posuere cubilia curae duis faucibus accumsan odio curabitur convallis duis consequat dui nec', '2003-05-12', 2);
insert into review (rent_id, review_text, review_date, rating) values (62, 'venenatis non sodales sed tincidunt eu felis fusce posuere felis sed lacus morbi sem mauris laoreet ut rhoncus aliquet pulvinar sed nisl nunc rhoncus dui', '2011-12-06', 3);
insert into review (rent_id, review_text, review_date, rating) values (55, 'suspendisse potenti in eleifend quam a odio in hac habitasse platea', '2021-02-19', 1);
insert into review (rent_id, review_text, review_date, rating) values (88, 'nisi at nibh in hac habitasse platea dictumst aliquam augue quam sollicitudin vitae', '2018-08-05', 3);
insert into review (rent_id, review_text, review_date, rating) values (40, 'fusce congue diam id ornare imperdiet sapien urna pretium nisl ut volutpat sapien arcu sed augue aliquam erat volutpat in congue etiam justo etiam pretium iaculis justo', '2020-07-26', 3);
insert into review (rent_id, review_text, review_date, rating) values (99, 'quam pede lobortis ligula sit amet eleifend pede libero quis orci nullam molestie nibh in lectus', '2008-04-15', 5);
insert into review (rent_id, review_text, review_date, rating) values (16, 'at ipsum ac tellus semper interdum mauris ullamcorper purus sit amet nulla quisque', '2001-06-24', 5);
insert into review (rent_id, review_text, review_date, rating) values (81, 'porttitor lacus at turpis donec posuere metus vitae ipsum aliquam non mauris morbi non lectus aliquam sit amet diam in magna bibendum imperdiet nullam orci pede venenatis non sodales sed', '2019-10-09', 2);
insert into review (rent_id, review_text, review_date, rating) values (22, 'in libero ut massa volutpat convallis morbi odio odio elementum eu interdum eu tincidunt in leo maecenas pulvinar lobortis', '2005-10-20', 1);
insert into review (rent_id, review_text, review_date, rating) values (4, 'faucibus orci luctus et ultrices posuere cubilia curae duis faucibus accumsan odio', '2018-05-31', 5);
insert into review (rent_id, review_text, review_date, rating) values (30, 'pellentesque ultrices phasellus id sapien in sapien iaculis congue vivamus metus arcu adipiscing molestie hendrerit at vulputate vitae nisl aenean lectus pellentesque', '2005-07-11', 3);
insert into review (rent_id, review_text, review_date, rating) values (82, 'in hac habitasse platea dictumst aliquam augue quam sollicitudin vitae consectetuer', '2003-12-12', 5);
insert into review (rent_id, review_text, review_date, rating) values (23, 'morbi quis tortor id nulla ultrices aliquet maecenas leo odio condimentum id luctus', '2014-08-03', 1);
insert into review (rent_id, review_text, review_date, rating) values (26, 'sagittis sapien cum sociis natoque penatibus et magnis dis parturient montes nascetur ridiculus', '2002-03-02', 5);
insert into review (rent_id, review_text, review_date, rating) values (77, 'aenean auctor gravida sem praesent id massa id nisl venenatis lacinia aenean sit amet justo morbi ut odio cras mi pede malesuada in imperdiet et commodo vulputate justo', '2018-03-20', 4);
insert into review (rent_id, review_text, review_date, rating) values (53, 'diam erat fermentum justo nec condimentum neque sapien placerat ante', '2007-12-23', 5);
insert into review (rent_id, review_text, review_date, rating) values (68, 'faucibus cursus urna ut tellus nulla ut erat id mauris vulputate elementum nullam varius nulla facilisi cras non velit nec nisi', '2016-11-22', 4);
insert into review (rent_id, review_text, review_date, rating) values (62, 'donec odio justo sollicitudin ut suscipit a feugiat et eros vestibulum ac est lacinia nisi venenatis tristique fusce congue diam id', '2001-02-09', 2);
insert into review (rent_id, review_text, review_date, rating) values (44, 'ut tellus nulla ut erat id mauris vulputate elementum nullam varius nulla facilisi cras', '2018-07-21', 5);
insert into review (rent_id, review_text, review_date, rating) values (44, 'arcu sed augue aliquam erat volutpat in congue etiam justo etiam pretium iaculis justo in hac habitasse platea dictumst etiam faucibus cursus urna ut tellus nulla ut', '2014-12-30', 5);
insert into review (rent_id, review_text, review_date, rating) values (6, 'penatibus et magnis dis parturient montes', '2005-07-06', 2);
insert into review (rent_id, review_text, review_date, rating) values (80, 'turpis enim blandit mi in porttitor pede justo eu massa donec dapibus duis at velit eu est congue elementum in hac habitasse platea dictumst morbi vestibulum', '2000-04-23', 1);
insert into review (rent_id, review_text, review_date, rating) values (42, 'turpis sed ante vivamus tortor duis mattis egestas metus aenean fermentum donec ut mauris eget massa tempor convallis nulla', '2013-02-01', 1);
insert into review (rent_id, review_text, review_date, rating) values (53, 'eu est congue elementum in hac habitasse platea dictumst morbi vestibulum velit id pretium iaculis diam erat fermentum justo nec condimentum neque sapien placerat ante nulla justo aliquam quis turpis', '2010-11-28', 1);
insert into review (rent_id, review_text, review_date, rating) values (87, 'vestibulum vestibulum ante ipsum primis in faucibus orci luctus et ultrices posuere cubilia curae nulla dapibus dolor vel est donec odio justo sollicitudin ut suscipit', '2004-09-21', 2);
insert into review (rent_id, review_text, review_date, rating) values (57, 'mus etiam vel augue vestibulum rutrum rutrum neque aenean auctor gravida sem praesent id massa id nisl venenatis lacinia aenean sit amet', '2016-12-12', 2);